week_ending,storage_bcf,net_change_bcf,five_yr_avg_bcf,five_yr_min_bcf,five_yr_max_bcf,vs_five_yr_avg_bcf,vs_five_yr_avg_pct,expected_net_change_bcf,storage_surprise_bcf,storage_regime,release_date,pre_release_date,pre_release_price,release_day_date,release_day_price,day2_date,day2_price,price_change_1d,price_change_1d_pct,price_change_2d,price_change_2d_pct
2021-01-01,3330,,,,,,,,,insufficient_history,2021-01-07,2021-01-06,2.76,2021-01-07,2.81,2021-01-08,2.77,0.050000000000000266,1.8115942028985605,0.010000000000000231,0.3623188405797185
2021-01-08,3196,-134.0,,,,,,,,insufficient_history,2021-01-14,2021-01-13,2.82,2021-01-14,2.82,2021-01-15,2.86,0.0,0.0,0.040000000000000036,1.4184397163120581
2021-01-15,3009,-187.0,,,,,,,,insufficient_history,2021-01-21,2021-01-20,2.57,2021-01-21,2.49,2021-01-22,2.45,-0.07999999999999963,-3.112840466926056,-0.11999999999999966,-4.669260700389092
2021-01-22,2881,-128.0,,,,,,,,insufficient_history,2021-01-28,2021-01-27,2.77,2021-01-28,2.76,2021-01-29,2.68,-0.010000000000000231,-0.3610108303249181,-0.08999999999999986,-3.2490974729241824
2021-01-29,2689,-192.0,,,,,,,,insufficient_history,2021-02-04,2021-02-03,3.01,2021-02-04,2.99,2021-02-05,3.49,-0.019999999999999574,-0.6644518272425108,0.4800000000000004,15.946843853820614
2021-02-05,2518,-171.0,,,,,,,,insufficient_history,2021-02-11,2021-02-10,3.76,2021-02-11,6.5,2021-02-12,6.12,2.74,72.87234042553192,2.3600000000000003,62.76595744680852
2021-02-12,2281,-237.0,,,,,,,,insufficient_history,2021-02-18,2021-02-17,23.86,2021-02-18,8.56,2021-02-19,4.96,-15.299999999999999,-64.12405699916177,-18.9,-79.21207041072925
2021-02-19,1943,-338.0,,,,,,,,insufficient_history,2021-02-25,2021-02-24,2.8,2021-02-25,2.72,2021-02-26,2.66,-0.07999999999999963,-2.857142857142844,-0.13999999999999968,-4.999999999999989
2021-02-26,1845,-98.0,,,,,,,,insufficient_history,2021-03-04,2021-03-03,2.86,2021-03-04,2.79,2021-03-05,2.72,-0.06999999999999984,-2.447552447552442,-0.13999999999999968,-4.895104895104884
2021-03-05,1793,-52.0,,,,,,,,insufficient_history,2021-03-11,2021-03-10,2.62,2021-03-11,2.7,2021-03-12,2.65,0.08000000000000007,3.0534351145038197,0.029999999999999805,1.1450381679389239
2021-03-12,1782,-11.0,,,,,,,,insufficient_history,2021-03-18,2021-03-17,2.6,2021-03-18,2.45,2021-03-19,2.53,-0.1499999999999999,-5.769230769230766,-0.07000000000000028,-2.692307692307703
2021-03-19,1750,-32.0,,,,,,,,insufficient_history,2021-03-25,2021-03-24,2.56,2021-03-25,2.52,2021-03-26,2.52,-0.040000000000000036,-1.5625000000000013,-0.040000000000000036,-1.5625000000000013
2021-03-26,1764,14.0,,,,,,,,insufficient_history,2021-04-01,2021-03-31,2.52,2021-04-01,2.52,2021-04-05,2.43,0.0,0.0,-0.08999999999999986,-3.571428571428566
2021-04-02,1784,20.0,,,,,,,,insufficient_history,2021-04-08,2021-04-07,2.43,2021-04-08,2.47,2021-04-09,2.48,0.040000000000000036,1.646090534979425,0.04999999999999982,2.0576131687242727
2021-04-09,1845,61.0,,,,,,,,insufficient_history,2021-04-15,2021-04-14,2.65,2021-04-15,2.62,2021-04-16,2.63,-0.029999999999999805,-1.1320754716981059,-0.020000000000000018,-0.7547169811320762
2021-04-16,1883,38.0,,,,,,,,insufficient_history,2021-04-22,2021-04-21,2.72,2021-04-22,2.77,2021-04-23,2.79,0.04999999999999982,1.8382352941176405,0.06999999999999984,2.5735294117647
2021-04-23,1898,15.0,,,,,,,,insufficient_history,2021-04-29,2021-04-28,2.98,2021-04-29,2.91,2021-04-30,2.86,-0.06999999999999984,-2.3489932885905986,-0.1200000000000001,-4.026845637583897
2021-04-30,1958,60.0,,,,,,,,insufficient_history,2021-05-06,2021-05-05,2.99,2021-05-06,2.9,2021-05-07,2.9,-0.0900000000000003,-3.0100334448160635,-0.0900000000000003,-3.0100334448160635
2021-05-07,2029,71.0,,,,,,,,insufficient_history,2021-05-13,2021-05-12,2.91,2021-05-13,2.95,2021-05-14,2.95,0.040000000000000036,1.3745704467353963,0.040000000000000036,1.3745704467353963
2021-05-14,2100,71.0,,,,,,,,insufficient_history,2021-05-20,2021-05-19,2.88,2021-05-20,2.86,2021-05-21,2.84,-0.020000000000000018,-0.6944444444444451,-0.040000000000000036,-1.3888888888888902
2021-05-21,2215,115.0,,,,,,,,insufficient_history,2021-05-27,2021-05-26,2.91,2021-05-27,2.85,2021-05-28,2.91,-0.06000000000000005,-2.0618556701030943,0.0,0.0
2021-05-28,2313,98.0,,,,,,,,insufficient_history,2021-06-03,2021-06-02,3.09,2021-06-03,3.01,2021-06-04,3.01,-0.08000000000000007,-2.588996763754048,-0.08000000000000007,-2.588996763754048
2021-06-04,2411,98.0,,,,,,,,insufficient_history,2021-06-10,2021-06-09,3.13,2021-06-10,3.13,2021-06-11,3.23,0.0,0.0,0.10000000000000009,3.1948881789137404
2021-06-11,2427,16.0,,,,,,,,insufficient_history,2021-06-17,2021-06-16,3.25,2021-06-17,3.24,2021-06-18,3.23,-0.009999999999999787,-0.30769230769230116,-0.020000000000000018,-0.6153846153846159
2021-06-18,2482,55.0,,,,,,,,insufficient_history,2021-06-24,2021-06-23,3.36,2021-06-24,3.3,2021-06-25,3.4,-0.06000000000000005,-1.7857142857142874,0.040000000000000036,1.1904761904761916
2021-06-25,2558,76.0,,,,,,,,insufficient_history,2021-07-01,2021-06-30,3.79,2021-07-01,3.76,2021-07-02,3.67,-0.03000000000000025,-0.7915567282321965,-0.1200000000000001,-3.166226912928763
2021-07-02,2574,16.0,,,,,,,,insufficient_history,2021-07-08,2021-07-07,3.66,2021-07-08,3.56,2021-07-09,3.71,-0.10000000000000009,-2.732240437158472,0.04999999999999982,1.36612021857923
2021-07-09,2629,55.0,,,,,,,,insufficient_history,2021-07-15,2021-07-14,3.8,2021-07-15,3.68,2021-07-16,3.7,-0.11999999999999966,-3.1578947368420964,-0.09999999999999964,-2.631578947368412
2021-07-16,2678,49.0,,,,,,,,insufficient_history,2021-07-22,2021-07-21,3.94,2021-07-22,4.02,2021-07-23,4.11,0.07999999999999963,2.0304568527918687,0.17000000000000037,4.314720812182751
2021-07-23,2714,36.0,,,,,,,,insufficient_history,2021-07-29,2021-07-28,4.1,2021-07-29,4.03,2021-07-30,3.94,-0.0699999999999994,-1.7073170731707172,-0.1599999999999997,-3.902439024390237
2021-07-30,2727,13.0,,,,,,,,insufficient_history,2021-08-05,2021-08-04,4.2,2021-08-05,4.27,2021-08-06,4.21,0.0699999999999994,1.666666666666652,0.009999999999999787,0.238095238095233
2021-08-06,2776,49.0,,,,,,,,insufficient_history,2021-08-12,2021-08-11,4.07,2021-08-12,4.1,2021-08-13,3.95,0.02999999999999936,0.7371007371007213,-0.1200000000000001,-2.948402948402951
2021-08-13,2822,46.0,,,,,,,,insufficient_history,2021-08-19,2021-08-18,3.86,2021-08-19,3.83,2021-08-20,3.94,-0.029999999999999805,-0.7772020725388551,0.08000000000000007,2.072538860103629
2021-08-20,2851,29.0,,,,,,,,insufficient_history,2021-08-26,2021-08-25,4.03,2021-08-26,4.07,2021-08-27,4.35,0.040000000000000036,0.9925558312655095,0.3199999999999994,7.940446650124054
2021-08-27,2871,20.0,,,,,,,,insufficient_history,2021-09-02,2021-09-01,4.45,2021-09-02,4.65,2021-09-03,4.77,0.20000000000000018,4.494382022471914,0.3199999999999994,7.191011235955043
2021-09-03,2923,52.0,,,,,,,,insufficient_history,2021-09-09,2021-09-08,4.66,2021-09-09,4.97,2021-09-10,5.13,0.3099999999999996,6.652360515021451,0.46999999999999975,10.085836909871238
2021-09-10,3006,83.0,,,,,,,,insufficient_history,2021-09-16,2021-09-15,5.66,2021-09-16,5.52,2021-09-17,5.32,-0.14000000000000057,-2.4734982332155577,-0.33999999999999986,-6.007067137809185
2021-09-17,3082,76.0,,,,,,,,insufficient_history,2021-09-23,2021-09-22,4.92,2021-09-23,4.94,2021-09-24,5.1,0.020000000000000462,0.40650406504065983,0.17999999999999972,3.658536585365848
2021-09-24,3170,88.0,,,,,,,,insufficient_history,2021-09-30,2021-09-29,5.73,2021-09-30,5.58,2021-10-01,5.61,-0.15000000000000036,-2.617801047120425,-0.1200000000000001,-2.094240837696337
2021-10-01,3288,118.0,,,,,,,,insufficient_history,2021-10-07,2021-10-06,6.0,2021-10-07,5.71,2021-10-08,5.46,-0.29000000000000004,-4.833333333333334,-0.54,-9.000000000000002
2021-10-08,3369,81.0,,,,,,,,insufficient_history,2021-10-14,2021-10-13,5.56,2021-10-14,5.92,2021-10-15,5.44,0.3600000000000003,6.474820143884898,-0.11999999999999922,-2.15827338129495
2021-10-15,3461,92.0,,,,,,,,insufficient_history,2021-10-21,2021-10-20,4.87,2021-10-21,4.94,2021-10-22,5.1,0.07000000000000028,1.437371663244359,0.22999999999999954,4.722792607802865
2021-10-22,3548,87.0,,,,,,,,insufficient_history,2021-10-28,2021-10-27,5.91,2021-10-28,5.68,2021-10-29,5.49,-0.23000000000000043,-3.8917089678511068,-0.41999999999999993,-7.106598984771573
2021-10-29,3611,63.0,,,,,,,,insufficient_history,2021-11-04,2021-11-03,5.59,2021-11-04,5.73,2021-11-05,5.51,0.14000000000000057,2.5044722719141426,-0.08000000000000007,-1.4311270125223625
2021-11-05,3618,7.0,,,,,,,,insufficient_history,2021-11-11,2021-11-10,4.56,2021-11-11,4.81,2021-11-12,4.97,0.25,5.482456140350878,0.41000000000000014,8.991228070175444
2021-11-12,3644,26.0,,,,,,,,insufficient_history,2021-11-18,2021-11-17,4.82,2021-11-18,4.95,2021-11-19,4.9,0.1299999999999999,2.697095435684645,0.08000000000000007,1.6597510373443998
2021-11-19,3623,-21.0,,,,,,,,insufficient_history,2021-11-25,2021-11-24,4.93,2021-11-29,4.9,2021-11-30,4.52,-0.02999999999999936,-0.6085192697768633,-0.41000000000000014,-8.31643002028398
2021-11-26,3564,-59.0,,,,,,,,insufficient_history,2021-12-02,2021-12-01,4.31,2021-12-02,4.08,2021-12-03,3.79,-0.22999999999999954,-5.336426914153122,-0.5199999999999996,-12.064965197215768
2021-12-03,3505,-59.0,,,,,,,,insufficient_history,2021-12-09,2021-12-08,3.79,2021-12-09,3.67,2021-12-10,3.65,-0.1200000000000001,-3.166226912928763,-0.14000000000000012,-3.69393139841689
2021-12-10,3417,-88.0,,,,,,,,insufficient_history,2021-12-16,2021-12-15,3.79,2021-12-16,3.67,2021-12-17,3.71,-0.1200000000000001,-3.166226912928763,-0.08000000000000007,-2.110817941952509
2021-12-17,3362,-55.0,,,,,,,,insufficient_history,2021-12-23,2021-12-22,3.95,2021-12-23,3.56,2021-12-27,3.45,-0.3900000000000001,-9.87341772151899,-0.5,-12.658227848101264
2021-12-24,3226,-136.0,,,,,,,,insufficient_history,2021-12-30,2021-12-29,3.4,2021-12-30,3.82,2021-12-31,3.82,0.41999999999999993,12.352941176470585,0.41999999999999993,12.352941176470585
2021-12-31,3195,-31.0,,,,,,,,insufficient_history,2022-01-06,2022-01-05,3.78,2022-01-06,3.94,2022-01-07,3.83,0.16000000000000014,4.232804232804237,0.050000000000000266,1.32275132275133
2022-01-07,3016,-179.0,3196.0,3196,3196,-180.0,-5.632040050062578,-134.0,-45.0,below_avg,2022-01-13,2022-01-12,4.62,2022-01-13,4.78,2022-01-14,4.37,0.16000000000000014,3.463203463203466,-0.25,-5.411255411255411
2022-01-14,2810,-206.0,3009.0,3009,3009,-199.0,-6.613492854769026,-187.0,-19.0,below_avg,2022-01-20,2022-01-19,4.89,2022-01-20,4.45,2022-01-21,4.11,-0.4399999999999995,-8.99795501022494,-0.7799999999999994,-15.95092024539876
2022-01-21,2591,-219.0,2881.0,2881,2881,-290.0,-10.065949323151683,-128.0,-91.0,below_avg,2022-01-27,2022-01-26,4.43,2022-01-27,4.43,2022-01-28,5.69,0.0,0.0,1.2600000000000007,28.44243792325058
2022-01-28,2323,-268.0,2689.0,2689,2689,-366.0,-13.611007809594645,-192.0,-76.0,below_avg,2022-02-03,2022-02-02,6.7,2022-02-03,5.84,2022-02-04,5.34,-0.8600000000000003,-12.835820895522392,-1.3600000000000003,-20.298507462686572
2022-02-04,2101,-222.0,2518.0,2518,2518,-417.0,-16.560762509928516,-171.0,-51.0,below_avg,2022-02-10,2022-02-09,4.13,2022-02-10,4.03,2022-02-11,4.04,-0.09999999999999964,-2.4213075060532603,-0.08999999999999986,-2.1791767554479384
2022-02-11,1911,-190.0,2281.0,2281,2281,-370.0,-16.220955721174924,-237.0,47.0,below_avg,2022-02-17,2022-02-16,4.39,2022-02-17,4.57,2022-02-18,4.61,0.1800000000000006,4.1002277904328155,0.22000000000000064,5.0113895216401065
2022-02-18,1782,-129.0,1943.0,1943,1943,-161.0,-8.286155429747813,-338.0,209.0,below_avg,2022-02-24,2022-02-23,4.59,2022-02-24,4.78,2022-02-25,4.63,0.1900000000000004,4.139433551198265,0.040000000000000036,0.8714596949891076
2022-02-25,1643,-139.0,1845.0,1845,1845,-202.0,-10.948509485094851,-98.0,-41.0,below_avg,2022-03-03,2022-03-02,4.65,2022-03-03,4.63,2022-03-04,4.74,-0.020000000000000462,-0.4301075268817303,0.08999999999999986,1.9354838709677389
2022-03-04,1519,-124.0,1793.0,1793,1793,-274.0,-15.281650864472951,-52.0,-72.0,below_avg,2022-03-10,2022-03-09,4.55,2022-03-10,4.65,2022-03-11,4.79,0.10000000000000053,2.19780219780221,0.2400000000000002,5.27472527472528
2022-03-11,1440,-79.0,1782.0,1782,1782,-342.0,-19.19191919191919,-11.0,-68.0,below_avg,2022-03-17,2022-03-16,4.68,2022-03-17,4.8,2022-03-18,4.87,0.1200000000000001,2.5641025641025665,0.1900000000000004,4.0598290598290685
2022-03-18,1389,-51.0,1750.0,1750,1750,-361.0,-20.62857142857143,-32.0,-19.0,below_avg,2022-03-24,2022-03-23,5.26,2022-03-24,5.19,2022-03-25,5.51,-0.0699999999999994,-1.3307984790874412,0.25,4.752851711026616
2022-03-25,1415,26.0,1764.0,1764,1764,-349.0,-19.784580498866212,14.0,12.0,below_avg,2022-03-31,2022-03-30,5.32,2022-03-31,5.46,2022-04-01,5.43,0.13999999999999968,2.631578947368415,0.10999999999999943,2.06766917293232
2022-04-01,1382,-33.0,1784.0,1784,1784,-402.0,-22.533632286995516,20.0,-53.0,below_avg,2022-04-07,2022-04-06,6.29,2022-04-07,6.05,2022-04-08,6.38,-0.2400000000000002,-3.8155802861685246,0.08999999999999986,1.4308426073131935
2022-04-08,1397,15.0,1845.0,1845,1845,-448.0,-24.281842818428185,61.0,-46.0,below_avg,2022-04-14,2022-04-13,6.68,2022-04-14,6.94,2022-04-18,7.48,0.2600000000000007,3.892215568862286,0.8000000000000007,11.976047904191628
2022-04-15,1450,53.0,1883.0,1883,1883,-433.0,-22.99522039298991,38.0,15.0,below_avg,2022-04-21,2022-04-20,7.12,2022-04-21,6.88,2022-04-22,6.59,-0.2400000000000002,-3.3707865168539355,-0.5300000000000002,-7.443820224719104
2022-04-22,1490,40.0,1898.0,1898,1898,-408.0,-21.49631190727081,15.0,25.0,below_avg,2022-04-28,2022-04-27,6.91,2022-04-28,6.97,2022-04-29,6.84,0.05999999999999961,0.8683068017366079,-0.07000000000000028,-1.0130246020260534
2022-04-29,1567,77.0,1958.0,1958,1958,-391.0,-19.96935648621042,60.0,17.0,below_avg,2022-05-05,2022-05-04,8.3,2022-05-05,8.42,2022-05-06,8.35,0.11999999999999922,1.445783132530111,0.049999999999998934,0.6024096385542039
2022-05-06,1643,76.0,2029.0,2029,2029,-386.0,-19.024149827501233,71.0,5.0,below_avg,2022-05-12,2022-05-11,7.53,2022-05-12,7.25,2022-05-13,7.75,-0.28000000000000025,-3.7184594953519285,0.21999999999999975,2.921646746347938
2022-05-13,1732,89.0,2100.0,2100,2100,-368.0,-17.523809523809526,71.0,18.0,below_avg,2022-05-19,2022-05-18,8.53,2022-05-19,8.21,2022-05-20,7.97,-0.3199999999999985,-3.7514654161781777,-0.5599999999999996,-6.565064478311837
2022-05-20,1819,87.0,2215.0,2215,2215,-396.0,-17.878103837471784,115.0,-28.0,below_avg,2022-05-26,2022-05-25,9.44,2022-05-26,9.19,2022-05-27,8.3,-0.25,-2.648305084745763,-1.1399999999999988,-12.076271186440666
2022-05-27,1901,82.0,2313.0,2313,2313,-412.0,-17.812364894076957,98.0,-16.0,below_avg,2022-06-02,2022-06-01,8.47,2022-06-02,8.9,2022-06-03,8.34,0.4299999999999997,5.0767414403778,-0.13000000000000078,-1.5348288075560894
2022-06-03,2003,102.0,2411.0,2411,2411,-408.0,-16.922438822065534,98.0,4.0,below_avg,2022-06-09,2022-06-08,9.43,2022-06-09,8.16,2022-06-10,8.78,-1.2699999999999996,-13.467656415694588,-0.6500000000000004,-6.892895015906684
2022-06-10,2095,92.0,2427.0,2427,2427,-332.0,-13.679439637412443,16.0,76.0,below_avg,2022-06-16,2022-06-15,7.72,2022-06-16,7.88,2022-06-17,7.37,0.16000000000000014,2.072538860103629,-0.34999999999999964,-4.53367875647668
2022-06-17,2169,74.0,2482.0,2482,2482,-313.0,-12.610797743755036,55.0,19.0,below_avg,2022-06-23,2022-06-22,6.76,2022-06-23,6.54,2022-06-24,5.8,-0.21999999999999975,-3.254437869822482,-0.96,-14.201183431952662
2022-06-24,2251,82.0,2558.0,2558,2558,-307.0,-12.001563721657545,76.0,6.0,below_avg,2022-06-30,2022-06-29,6.69,2022-06-30,6.54,2022-07-01,5.75,-0.15000000000000036,-2.242152466367718,-0.9400000000000004,-14.050822122571008
2022-07-01,2311,60.0,2574.0,2574,2574,-263.0,-10.217560217560218,16.0,44.0,below_avg,2022-07-07,2022-07-06,5.65,2022-07-07,5.83,2022-07-08,6.4,0.17999999999999972,3.185840707964597,0.75,13.27433628318584
2022-07-08,2369,58.0,2629.0,2629,2629,-260.0,-9.889691898060098,55.0,3.0,below_avg,2022-07-14,2022-07-13,6.68,2022-07-14,6.9,2022-07-15,6.6,0.22000000000000064,3.293413173652705,-0.08000000000000007,-1.1976047904191627
2022-07-15,2401,32.0,2678.0,2678,2678,-277.0,-10.34353995519044,49.0,-17.0,below_avg,2022-07-21,2022-07-20,7.58,2022-07-21,7.99,2022-07-22,8.25,0.41000000000000014,5.4089709762533005,0.6699999999999999,8.83905013192612
2022-07-22,2416,15.0,2714.0,2714,2714,-298.0,-10.980103168754605,36.0,-21.0,below_avg,2022-07-28,2022-07-27,8.65,2022-07-28,8.75,2022-07-29,8.33,0.09999999999999964,1.1560693641618456,-0.3200000000000003,-3.699421965317922
2022-07-29,2457,41.0,2727.0,2727,2727,-270.0,-9.900990099009901,13.0,28.0,below_avg,2022-08-04,2022-08-03,7.81,2022-08-04,8.4,2022-08-05,8.3,0.5900000000000007,7.554417413572353,0.4900000000000011,6.274007682458402
2022-08-05,2501,44.0,2776.0,2776,2776,-275.0,-9.906340057636887,49.0,-5.0,below_avg,2022-08-11,2022-08-10,7.86,2022-08-11,8.53,2022-08-12,8.73,0.669999999999999,8.524173027989809,0.8700000000000001,11.068702290076336
2022-08-12,2519,18.0,2822.0,2822,2822,-303.0,-10.73706591070163,46.0,-28.0,below_avg,2022-08-18,2022-08-17,9.51,2022-08-18,9.42,2022-08-19,9.14,-0.08999999999999986,-0.9463722397476325,-0.3699999999999992,-3.8906414300735985
2022-08-19,2579,60.0,2851.0,2851,2851,-272.0,-9.540512101017187,29.0,31.0,below_avg,2022-08-25,2022-08-24,9.27,2022-08-25,9.47,2022-08-26,9.48,0.20000000000000107,2.1574973031283826,0.21000000000000085,2.2653721682847987
2022-08-26,2640,61.0,2871.0,2871,2871,-231.0,-8.045977011494253,20.0,41.0,below_avg,2022-09-01,2022-08-31,8.93,2022-09-01,9.38,2022-09-02,9.18,0.45000000000000107,5.0391937290033715,0.25,2.799552071668533
2022-09-02,2694,54.0,2923.0,2923,2923,-229.0,-7.834416695176189,52.0,2.0,below_avg,2022-09-08,2022-09-07,8.12,2022-09-08,8.27,2022-09-09,8.31,0.15000000000000036,1.8472906403940934,0.19000000000000128,2.339901477832528
2022-09-09,2771,77.0,3006.0,3006,3006,-235.0,-7.817697937458417,83.0,-6.0,below_avg,2022-09-15,2022-09-14,8.7,2022-09-15,8.6,2022-09-16,8.11,-0.09999999999999964,-1.1494252873563178,-0.5899999999999999,-6.781609195402298
2022-09-16,2874,103.0,3082.0,3082,3082,-208.0,-6.748864373783257,76.0,27.0,below_avg,2022-09-22,2022-09-21,7.99,2022-09-22,7.76,2022-09-23,6.75,-0.23000000000000043,-2.8785982478097676,-1.2400000000000002,-15.51939924906133
2022-09-23,2977,103.0,3170.0,3170,3170,-193.0,-6.0883280757097795,88.0,15.0,below_avg,2022-09-29,2022-09-28,6.59,2022-09-29,6.57,2022-09-30,6.4,-0.019999999999999574,-0.303490136570555,-0.1899999999999995,-2.8831562974203266
2022-09-30,3106,129.0,3288.0,3288,3288,-182.0,-5.535279805352798,118.0,11.0,below_avg,2022-10-06,2022-10-05,5.84,2022-10-06,6.91,2022-10-07,6.25,1.0700000000000003,18.321917808219183,0.41000000000000014,7.020547945205482
2022-10-07,3231,125.0,3369.0,3369,3369,-138.0,-4.096170970614425,81.0,44.0,below_avg,2022-10-13,2022-10-12,6.6,2022-10-13,6.25,2022-10-14,6.1,-0.34999999999999964,-5.303030303030297,-0.5,-7.575757575757576
2022-10-14,3342,111.0,3461.0,3461,3461,-119.0,-3.4383126264085524,92.0,19.0,below_avg,2022-10-20,2022-10-19,5.63,2022-10-20,5.1,2022-10-21,4.45,-0.5300000000000002,-9.413854351687394,-1.1799999999999997,-20.95914742451154
2022-10-21,3394,52.0,3548.0,3548,3548,-154.0,-4.340473506200677,87.0,-35.0,below_avg,2022-10-27,2022-10-26,5.28,2022-10-27,5.3,2022-10-28,5.02,0.019999999999999574,0.3787878787878707,-0.2600000000000007,-4.924242424242436
2022-10-28,3501,107.0,3611.0,3611,3611,-110.0,-3.0462475768485184,63.0,44.0,below_avg,2022-11-03,2022-11-02,4.58,2022-11-03,4.65,2022-11-04,4.0,0.07000000000000028,1.5283842794759888,-0.5800000000000001,-12.663755458515286
2022-11-04,3580,79.0,3618.0,3618,3618,-38.0,-1.0503040353786623,7.0,72.0,below_avg,2022-11-10,2022-11-09,3.46,2022-11-10,4.8,2022-11-11,4.8,1.3399999999999999,38.72832369942196,1.3399999999999999,38.72832369942196
2022-11-11,3644,64.0,3644.0,3644,3644,0.0,0.0,26.0,38.0,above_avg,2022-11-17,2022-11-16,5.88,2022-11-17,6.2,2022-11-18,6.1,0.3200000000000003,5.442176870748304,0.21999999999999975,3.7414965986394515
2022-11-18,3564,-80.0,3623.0,3623,3623,-59.0,-1.6284846812034226,-21.0,-59.0,below_avg,2022-11-24,2022-11-23,6.57,2022-11-25,6.57,2022-11-28,6.0,0.0,0.0,-0.5700000000000003,-8.675799086757994
2022-11-25,3483,-81.0,3564.0,3564,3564,-81.0,-2.272727272727273,-59.0,-22.0,below_avg,2022-12-01,2022-11-30,7.0,2022-12-01,6.33,2022-12-02,4.92,-0.6699999999999999,-9.571428571428571,-2.08,-29.714285714285715
2022-12-02,3462,-21.0,3505.0,3505,3505,-43.0,-1.2268188302425107,-59.0,38.0,below_avg,2022-12-08,2022-12-07,4.49,2022-12-08,4.79,2022-12-09,4.98,0.2999999999999998,6.681514476614694,0.4900000000000002,10.913140311804014
2022-12-09,3412,-50.0,3417.0,3417,3417,-5.0,-0.1463271875914545,-88.0,38.0,below_avg,2022-12-15,2022-12-14,6.54,2022-12-15,6.8,2022-12-16,6.63,0.2599999999999998,3.975535168195715,0.08999999999999986,1.3761467889908234
2022-12-16,3325,-87.0,3362.0,3362,3362,-37.0,-1.1005353955978583,-55.0,-32.0,below_avg,2022-12-22,2022-12-21,6.13,2022-12-22,7.1,2022-12-23,7.15,0.9699999999999998,15.823817292006522,1.0200000000000005,16.63947797716151
2022-12-23,3112,-213.0,3226.0,3226,3226,-114.0,-3.533787972721637,-136.0,-77.0,below_avg,2022-12-29,2022-12-28,4.06,2022-12-29,3.78,2022-12-30,3.52,-0.2799999999999998,-6.896551724137927,-0.5399999999999996,-13.30049261083743
2022-12-30,2891,-221.0,3195.0,3195,3195,-304.0,-9.51486697965571,-31.0,-190.0,below_avg,2023-01-05,2023-01-04,3.75,2023-01-05,3.78,2023-01-06,3.43,0.029999999999999805,0.7999999999999948,-0.31999999999999984,-8.53333333333333
2023-01-06,2902,11.0,3106.0,3016,3196,-204.0,-6.567933032839665,-156.5,167.5,below_avg,2023-01-12,2023-01-11,3.41,2023-01-12,3.47,2023-01-13,3.43,0.06000000000000005,1.7595307917888579,0.020000000000000018,0.5865102639296192
2023-01-13,2820,-82.0,2909.5,2810,3009,-89.5,-3.0761299192301084,-196.5,114.5,below_avg,2023-01-19,2023-01-18,3.2,2023-01-19,2.91,2023-01-20,3.15,-0.29000000000000004,-9.062500000000002,-0.050000000000000266,-1.5625000000000084
2023-01-20,2734,-86.0,2736.0,2591,2881,-2.0,-0.07309941520467836,-173.5,87.5,below_avg,2023-01-26,2023-01-25,3.09,2023-01-26,2.72,2023-01-27,2.83,-0.36999999999999966,-11.974110032362448,-0.2599999999999998,-8.41423948220064
2023-01-27,2583,-151.0,2506.0,2323,2689,77.0,3.072625698324022,-230.0,79.0,above_avg,2023-02-02,2023-02-01,2.65,2023-02-02,2.67,2023-02-03,2.4,0.020000000000000018,0.7547169811320762,-0.25,-9.433962264150944
2023-02-03,2366,-217.0,2309.5,2101,2518,56.5,2.4464169733708596,-196.5,-20.5,above_avg,2023-02-09,2023-02-08,2.4,2023-02-09,2.4,2023-02-10,2.37,0.0,0.0,-0.029999999999999805,-1.249999999999992
2023-02-10,2266,-100.0,2096.0,1911,2281,170.0,8.110687022900763,-213.5,113.5,above_avg,2023-02-16,2023-02-15,2.45,2023-02-16,2.48,2023-02-17,2.28,0.029999999999999805,1.2244897959183594,-0.17000000000000037,-6.938775510204096
2023-02-17,2195,-71.0,1862.5,1782,1943,332.5,17.85234899328859,-233.5,162.5,above_avg,2023-02-23,2023-02-22,2.07,2023-02-23,2.17,2023-02-24,2.36,0.10000000000000009,4.83091787439614,0.29000000000000004,14.009661835748796
2023-02-24,2114,-81.0,1744.0,1643,1845,370.0,21.21559633027523,-118.5,37.5,above_avg,2023-03-02,2023-03-01,2.59,2023-03-02,2.67,2023-03-03,2.66,0.08000000000000007,3.0888030888030915,0.07000000000000028,2.702702702702714
2023-03-03,2030,-84.0,1656.0,1519,1793,374.0,22.584541062801932,-88.0,4.0,above_avg,2023-03-09,2023-03-08,2.5,2023-03-09,2.5,2023-03-10,2.4,0.0,0.0,-0.10000000000000009,-4.0000000000000036
2023-03-10,1972,-58.0,1611.0,1440,1782,361.0,22.408441961514587,-45.0,-13.0,above_avg,2023-03-16,2023-03-15,2.45,2023-03-16,2.45,2023-03-17,2.42,0.0,0.0,-0.03000000000000025,-1.2244897959183774
2023-03-17,1900,-72.0,1569.5,1389,1750,330.5,21.057661675692895,-41.5,-30.5,above_avg,2023-03-23,2023-03-22,2.03,2023-03-23,2.08,2023-03-24,2.04,0.050000000000000266,2.4630541871921316,0.010000000000000231,0.4926108374384351
2023-03-24,1853,-47.0,1589.5,1415,1764,263.5,16.577540106951872,20.0,-67.0,above_avg,2023-03-30,2023-03-29,1.94,2023-03-30,1.95,2023-03-31,2.1,0.010000000000000009,0.5154639175257737,0.16000000000000014,8.24742268041238
2023-03-31,1830,-23.0,1583.0,1382,1784,247.0,15.60328490208465,-6.5,-16.5,above_avg,2023-04-06,2023-04-05,2.17,2023-04-06,2.18,2023-04-10,2.15,0.010000000000000231,0.46082949308756826,-0.020000000000000018,-0.9216589861751161
2023-04-07,1855,25.0,1621.0,1397,1845,234.0,14.435533621221468,38.0,-13.0,above_avg,2023-04-13,2023-04-12,2.22,2023-04-13,2.04,2023-04-14,1.87,-0.18000000000000016,-8.108108108108114,-0.3500000000000001,-15.765765765765769
2023-04-14,1930,75.0,1666.5,1450,1883,263.5,15.811581158115812,45.5,29.5,above_avg,2023-04-20,2023-04-19,2.2,2023-04-20,2.19,2023-04-21,2.2,-0.010000000000000231,-0.454545454545465,0.0,0.0
2023-04-21,2009,79.0,1694.0,1490,1898,315.0,18.59504132231405,27.5,51.5,above_avg,2023-04-27,2023-04-26,2.19,2023-04-27,2.17,2023-04-28,2.27,-0.020000000000000018,-0.9132420091324209,0.08000000000000007,3.6529680365296837
2023-04-28,2063,54.0,1762.5,1567,1958,300.5,17.04964539007092,68.5,-14.5,above_avg,2023-05-04,2023-05-03,2.01,2023-05-04,1.96,2023-05-05,1.85,-0.04999999999999982,-2.4875621890547177,-0.1599999999999997,-7.96019900497511
2023-05-05,2141,78.0,1836.0,1643,2029,305.0,16.61220043572985,73.5,4.5,above_avg,2023-05-11,2023-05-10,2.12,2023-05-11,2.07,2023-05-12,1.98,-0.050000000000000266,-2.358490566037748,-0.14000000000000012,-6.603773584905666
2023-05-12,2240,99.0,1916.0,1732,2100,324.0,16.910229645093946,80.0,19.0,above_avg,2023-05-18,2023-05-17,2.25,2023-05-18,2.3,2023-05-19,2.37,0.04999999999999982,2.2222222222222143,0.1200000000000001,5.3333333333333375
2023-05-19,2336,96.0,2017.0,1819,2215,319.0,15.815567674764502,101.0,-5.0,above_avg,2023-05-25,2023-05-24,2.25,2023-05-25,2.23,2023-05-26,1.88,-0.020000000000000018,-0.8888888888888897,-0.3700000000000001,-16.44444444444445
2023-05-26,2446,110.0,2107.0,1901,2313,339.0,16.08922638822971,90.0,20.0,above_avg,2023-06-01,2023-05-31,2.1,2023-06-01,1.77,2023-06-02,1.74,-0.33000000000000007,-15.714285714285717,-0.3600000000000001,-17.142857142857146
2023-06-02,2550,104.0,2207.0,2003,2411,343.0,15.54145899410965,100.0,4.0,above_avg,2023-06-08,2023-06-07,2.13,2023-06-08,2.1,2023-06-09,1.85,-0.029999999999999805,-1.408450704225343,-0.2799999999999998,-13.145539906103279
2023-06-09,2634,84.0,2261.0,2095,2427,373.0,16.497125165855817,54.0,30.0,above_avg,2023-06-15,2023-06-14,2.05,2023-06-15,2.18,2023-06-16,2.13,0.13000000000000034,6.341463414634163,0.08000000000000007,3.9024390243902474
2023-06-16,2729,95.0,2325.5,2169,2482,403.5,17.35110728875511,64.5,30.5,above_avg,2023-06-22,2023-06-21,2.24,2023-06-22,2.27,2023-06-23,2.22,0.029999999999999805,1.3392857142857053,-0.020000000000000018,-0.8928571428571435
2023-06-23,2805,76.0,2404.5,2251,2558,400.5,16.656269494697444,79.0,-3.0,above_avg,2023-06-29,2023-06-28,2.71,2023-06-29,2.4,2023-06-30,2.48,-0.31000000000000005,-11.439114391143914,-0.22999999999999998,-8.487084870848708
2023-06-30,2881,76.0,2442.5,2311,2574,438.5,17.952917093142272,38.0,38.0,above_avg,2023-07-06,2023-07-05,2.65,2023-07-06,2.5,2023-07-07,2.49,-0.1499999999999999,-5.660377358490563,-0.1599999999999997,-6.037735849056593
2023-07-07,2930,49.0,2499.0,2369,2629,431.0,17.2468987595038,56.5,-7.5,above_avg,2023-07-13,2023-07-12,2.55,2023-07-13,2.5,2023-07-14,2.5,-0.04999999999999982,-1.9607843137254832,-0.04999999999999982,-1.9607843137254832
2023-07-14,2971,41.0,2539.5,2401,2678,431.5,16.991533766489468,40.5,0.5,above_avg,2023-07-20,2023-07-19,2.51,2023-07-20,2.61,2023-07-21,2.61,0.10000000000000009,3.9840637450199243,0.10000000000000009,3.9840637450199243
2023-07-21,2987,16.0,2565.0,2416,2714,422.0,16.45224171539961,25.5,-9.5,above_avg,2023-07-27,2023-07-26,2.6,2023-07-27,2.47,2023-07-28,2.53,-0.1299999999999999,-4.999999999999996,-0.07000000000000028,-2.692307692307703
2023-07-28,3001,14.0,2592.0,2457,2727,409.0,15.779320987654321,27.0,-13.0,above_avg,2023-08-03,2023-08-02,2.43,2023-08-03,2.44,2023-08-04,2.53,0.009999999999999787,0.41152263374484715,0.09999999999999964,4.115226337448545
2023-08-04,3030,29.0,2638.5,2501,2776,391.5,14.837976122797045,46.5,-17.5,above_avg,2023-08-10,2023-08-09,2.92,2023-08-10,2.83,2023-08-11,2.61,-0.08999999999999986,-3.0821917808219133,-0.31000000000000005,-10.616438356164386
2023-08-11,3065,35.0,2670.5,2519,2822,394.5,14.772514510391312,32.0,3.0,above_avg,2023-08-17,2023-08-16,2.55,2023-08-17,2.56,2023-08-18,2.44,0.010000000000000231,0.39215686274510714,-0.10999999999999988,-4.313725490196074
2023-08-18,3083,18.0,2715.0,2579,2851,368.0,13.554327808471456,44.5,-26.5,above_avg,2023-08-24,2023-08-23,2.6,2023-08-24,2.42,2023-08-25,2.46,-0.18000000000000016,-6.923076923076929,-0.14000000000000012,-5.3846153846153895
2023-08-25,3115,32.0,2755.5,2640,2871,359.5,13.046634004717836,40.5,-8.5,above_avg,2023-08-31,2023-08-30,2.48,2023-08-31,2.56,2023-09-01,2.7,0.08000000000000007,3.2258064516129057,0.2200000000000002,8.870967741935491
2023-09-01,3148,33.0,2808.5,2694,2923,339.5,12.088303364785473,53.0,-20.0,above_avg,2023-09-07,2023-09-06,2.49,2023-09-07,2.45,2023-09-08,2.53,-0.040000000000000036,-1.6064257028112463,0.03999999999999959,1.6064257028112285
2023-09-08,3205,57.0,2888.5,2771,3006,316.5,10.957244244417517,80.0,-23.0,above_avg,2023-09-14,2023-09-13,2.76,2023-09-14,2.81,2023-09-15,2.74,0.050000000000000266,1.8115942028985605,-0.019999999999999574,-0.7246376811594049
2023-09-15,3269,64.0,2978.0,2874,3082,291.0,9.771658831430491,89.5,-25.5,above_avg,2023-09-21,2023-09-20,2.78,2023-09-21,2.7,2023-09-22,2.63,-0.07999999999999963,-2.8776978417266053,-0.1499999999999999,-5.395683453237407
2023-09-22,3359,90.0,3073.5,2977,3170,285.5,9.289084106068,95.5,-5.5,above_avg,2023-09-28,2023-09-27,2.72,2023-09-28,2.74,2023-09-29,2.68,0.020000000000000018,0.7352941176470594,-0.040000000000000036,-1.4705882352941189
2023-09-29,3445,86.0,3197.0,3106,3288,248.0,7.757272442915234,123.5,-37.5,above_avg,2023-10-05,2023-10-04,2.92,2023-10-05,2.92,2023-10-06,3.3,0.0,0.0,0.3799999999999999,13.013698630136982
2023-10-06,3529,84.0,3300.0,3231,3369,229.0,6.9393939393939394,103.0,-19.0,above_avg,2023-10-12,2023-10-11,3.19,2023-10-12,3.16,2023-10-13,3.11,-0.029999999999999805,-0.940438871473348,-0.08000000000000007,-2.5078369905956137
2023-10-13,3626,97.0,3401.5,3342,3461,224.5,6.600029398794649,101.5,-4.5,above_avg,2023-10-19,2023-10-18,2.92,2023-10-19,2.84,2023-10-20,2.6,-0.08000000000000007,-2.739726027397263,-0.31999999999999984,-10.958904109589037
2023-10-20,3700,74.0,3471.0,3394,3548,229.0,6.597522327859407,69.5,4.5,above_avg,2023-10-26,2023-10-25,2.86,2023-10-26,2.87,2023-10-27,3.24,0.010000000000000231,0.34965034965035774,0.38000000000000034,13.2867132867133
2023-10-27,3779,79.0,3556.0,3501,3611,223.0,6.271091113610798,85.0,-6.0,above_avg,2023-11-02,2023-11-01,3.19,2023-11-02,3.12,2023-11-03,3.0,-0.06999999999999984,-2.194357366771155,-0.18999999999999995,-5.9561128526645755
2023-11-03,3773,-6.0,3599.0,3580,3618,174.0,4.834676298971936,43.0,-49.0,above_avg,2023-11-09,2023-11-08,2.18,2023-11-09,2.71,2023-11-10,2.71,0.5299999999999998,24.311926605504578,0.5299999999999998,24.311926605504578
2023-11-10,3833,60.0,3644.0,3644,3644,189.0,5.186608122941823,45.0,15.0,above_avg,2023-11-16,2023-11-15,2.88,2023-11-16,2.91,2023-11-17,2.62,0.03000000000000025,1.0416666666666752,-0.2599999999999998,-9.027777777777771
2023-11-17,3826,-7.0,3593.5,3564,3623,232.5,6.47001530541255,-50.5,43.5,above_avg,2023-11-23,2023-11-22,2.72,2023-11-24,2.72,2023-11-27,2.74,0.0,0.0,0.020000000000000018,0.7352941176470594
2023-11-24,3836,10.0,3523.5,3483,3564,312.5,8.869022278983966,-70.0,80.0,above_avg,2023-11-30,2023-11-29,2.7,2023-11-30,2.75,2023-12-01,2.63,0.04999999999999982,1.8518518518518452,-0.07000000000000028,-2.5925925925926028
2023-12-01,3719,-117.0,3483.5,3462,3505,235.5,6.760442084110808,-40.0,-77.0,above_avg,2023-12-07,2023-12-06,2.76,2023-12-07,2.52,2023-12-08,2.57,-0.23999999999999977,-8.695652173913036,-0.18999999999999995,-6.884057971014491
2023-12-08,3664,-55.0,3414.5,3412,3417,249.5,7.307072777859131,-69.0,14.0,above_avg,2023-12-14,2023-12-13,2.33,2023-12-14,2.39,2023-12-15,2.44,0.06000000000000005,2.5751072961373414,0.10999999999999988,4.72103004291845
2023-12-15,3577,-87.0,3343.5,3325,3362,233.5,6.9836997158666065,-71.0,-16.0,above_avg,2023-12-21,2023-12-20,2.48,2023-12-21,2.48,2023-12-22,2.54,0.0,0.0,0.06000000000000005,2.4193548387096793
2023-12-22,3490,-87.0,3169.0,3112,3226,321.0,10.129378352792678,-174.5,87.5,above_avg,2023-12-28,2023-12-27,2.63,2023-12-28,2.55,2023-12-29,2.58,-0.08000000000000007,-3.041825095057037,-0.04999999999999982,-1.9011406844106398
2023-12-29,3476,-14.0,3043.0,2891,3195,433.0,14.229378902398949,-126.0,112.0,above_avg,2024-01-04,2024-01-03,2.57,2024-01-04,2.83,2024-01-05,2.75,0.26000000000000023,10.116731517509738,0.18000000000000016,7.003891050583665
2024-01-05,3336,-140.0,3038.0,2902,3196,298.0,9.809084924292298,-100.66666666666667,-39.33333333333333,above_avg,2024-01-11,2024-01-10,3.25,2024-01-11,3.15,2024-01-12,13.2,-0.10000000000000009,-3.0769230769230793,9.95,306.15384615384613
2024-01-12,3182,-154.0,2879.6666666666665,2810,3009,302.3333333333335,10.498900335687008,-158.33333333333334,4.333333333333343,above_avg,2024-01-18,2024-01-17,2.86,2024-01-18,2.88,2024-01-19,2.7,0.020000000000000018,0.6993006993007,-0.1599999999999997,-5.594405594405584
2024-01-19,2856,-326.0,2735.3333333333335,2591,2881,120.66666666666652,4.411406288081886,-144.33333333333334,-181.66666666666666,above_avg,2024-01-25,2024-01-24,2.45,2024-01-25,2.56,2024-01-26,2.36,0.10999999999999988,4.489795918367342,-0.0900000000000003,-3.673469387755114
2024-01-26,2659,-197.0,2531.6666666666665,2323,2689,127.33333333333348,5.029624753127063,-203.66666666666666,6.666666666666657,above_avg,2024-02-01,2024-01-31,2.19,2024-02-01,2.15,2024-02-02,2.01,-0.040000000000000036,-1.8264840182648419,-0.18000000000000016,-8.219178082191789
2024-02-02,2584,-75.0,2328.3333333333335,2101,2518,255.66666666666652,10.980672870436644,-203.33333333333334,128.33333333333334,above_avg,2024-02-08,2024-02-07,1.94,2024-02-08,1.74,2024-02-09,1.74,-0.19999999999999996,-10.309278350515463,-0.19999999999999996,-10.309278350515463
2024-02-09,2530,-54.0,2152.6666666666665,1911,2281,377.3333333333335,17.52864663982658,-175.66666666666666,121.66666666666666,above_avg,2024-02-15,2024-02-14,1.51,2024-02-15,1.53,2024-02-16,1.55,0.020000000000000018,1.3245033112582794,0.040000000000000036,2.6490066225165587
2024-02-16,2470,-60.0,1973.3333333333333,1782,2195,496.66666666666674,25.168918918918926,-179.33333333333334,119.33333333333334,above_avg,2024-02-22,2024-02-21,1.58,2024-02-22,1.62,2024-02-23,1.52,0.040000000000000036,2.531645569620255,-0.06000000000000005,-3.7974683544303827
2024-02-23,2374,-96.0,1867.3333333333333,1643,2114,506.66666666666674,27.13316672616923,-106.0,10.0,above_avg,2024-02-29,2024-02-28,1.61,2024-02-29,1.67,2024-03-01,1.47,0.05999999999999983,3.7267080745341503,-0.14000000000000012,-8.69565217391305
2024-03-01,2334,-40.0,1780.6666666666667,1519,2030,553.3333333333333,31.074503931111934,-86.66666666666667,46.66666666666667,above_avg,2024-03-07,2024-03-06,1.67,2024-03-07,1.56,2024-03-08,1.54,-0.10999999999999988,-6.586826347305381,-0.1299999999999999,-7.784431137724544
2024-03-08,2325,-9.0,1731.3333333333333,1440,1972,593.6666666666667,34.2895648825568,-49.333333333333336,40.333333333333336,above_avg,2024-03-14,2024-03-13,1.25,2024-03-14,1.26,2024-03-15,1.38,0.010000000000000009,0.8000000000000007,0.1299999999999999,10.399999999999991
2024-03-15,2332,7.0,1679.6666666666667,1389,1900,652.3333333333333,38.83707084739035,-51.666666666666664,58.666666666666664,above_avg,2024-03-21,2024-03-20,1.58,2024-03-21,1.55,2024-03-22,1.5,-0.030000000000000027,-1.8987341772151913,-0.08000000000000007,-5.06329113924051
2024-03-22,2296,-36.0,1677.3333333333333,1415,1853,618.6666666666667,36.88394276629571,-2.3333333333333335,-33.666666666666664,above_avg,2024-03-28,2024-03-27,1.43,2024-03-28,1.54,2024-04-01,1.64,0.1100000000000001,7.6923076923077,0.20999999999999996,14.685314685314681
2024-03-29,2259,-37.0,1665.3333333333333,1382,1830,593.6666666666667,35.64851881505205,-12.0,-25.0,above_avg,2024-04-04,2024-04-03,1.86,2024-04-04,1.78,2024-04-05,1.58,-0.08000000000000007,-4.3010752688172085,-0.28,-15.053763440860216
2024-04-05,2283,24.0,1699.0,1397,1855,584.0,34.37316068275456,33.666666666666664,-9.666666666666664,above_avg,2024-04-11,2024-04-10,1.9,2024-04-11,1.62,2024-04-12,1.36,-0.2799999999999998,-14.736842105263149,-0.5399999999999998,-28.42105263157894
2024-04-12,2333,50.0,1754.3333333333333,1450,1930,578.6666666666667,32.984989549686496,55.333333333333336,-5.333333333333336,above_avg,2024-04-18,2024-04-17,1.5,2024-04-18,1.59,2024-04-19,1.43,0.09000000000000008,6.000000000000005,-0.07000000000000006,-4.666666666666671
2024-04-19,2425,92.0,1799.0,1490,2009,626.0,34.79710950528071,44.666666666666664,47.333333333333336,above_avg,2024-04-25,2024-04-24,1.6,2024-04-25,1.46,2024-04-26,1.4,-0.14000000000000012,-8.750000000000007,-0.20000000000000018,-12.50000000000001
2024-04-26,2484,59.0,1862.6666666666667,1567,2063,621.3333333333333,33.35719398711524,63.666666666666664,-4.666666666666664,above_avg,2024-05-02,2024-05-01,1.63,2024-05-02,1.66,2024-05-03,1.67,0.030000000000000027,1.840490797546014,0.040000000000000036,2.4539877300613524
2024-05-03,2569,85.0,1937.6666666666667,1643,2141,631.3333333333333,32.58214347152932,75.0,10.0,above_avg,2024-05-09,2024-05-08,2.01,2024-05-09,2.03,2024-05-10,2.14,0.020000000000000018,0.9950248756218916,0.13000000000000034,6.467661691542307
2024-05-10,2640,71.0,2024.0,1732,2240,616.0,30.434782608695656,86.33333333333333,-15.333333333333329,above_avg,2024-05-16,2024-05-15,2.12,2024-05-16,2.32,2024-05-17,2.44,0.19999999999999973,9.43396226415093,0.31999999999999984,15.0943396226415
2024-05-17,2719,79.0,2123.3333333333335,1819,2336,595.6666666666665,28.053375196232327,99.33333333333333,-20.33333333333333,above_avg,2024-05-23,2024-05-22,2.51,2024-05-23,2.64,2024-05-24,2.22,0.13000000000000034,5.1792828685259105,-0.2899999999999996,-11.553784860557753
2024-05-24,2804,85.0,2220.0,1901,2446,584.0,26.306306306306304,96.66666666666667,-11.666666666666671,above_avg,2024-05-30,2024-05-29,2.2,2024-05-30,1.87,2024-05-31,1.78,-0.33000000000000007,-15.000000000000002,-0.42000000000000015,-19.090909090909097
2024-05-31,2900,96.0,2321.3333333333335,2003,2550,578.6666666666665,24.92820218265364,101.33333333333333,-5.333333333333329,above_avg,2024-06-06,2024-06-05,2.27,2024-06-06,2.3,2024-06-07,2.46,0.029999999999999805,1.3215859030836918,0.18999999999999995,8.370044052863433
2024-06-07,2974,74.0,2385.3333333333335,2095,2634,588.6666666666665,24.678591391839007,64.0,10.0,above_avg,2024-06-13,2024-06-12,2.8,2024-06-13,2.79,2024-06-14,2.74,-0.009999999999999787,-0.35714285714284955,-0.05999999999999961,-2.142857142857129
2024-06-14,3045,71.0,2460.0,2169,2729,585.0,23.78048780487805,74.66666666666667,-3.6666666666666714,above_avg,2024-06-20,2024-06-18,2.43,2024-06-20,2.39,2024-06-21,2.44,-0.040000000000000036,-1.646090534979425,0.009999999999999787,0.41152263374484715
2024-06-21,3102,57.0,2538.0,2251,2805,564.0,22.22222222222222,78.0,-21.0,above_avg,2024-06-27,2024-06-26,2.45,2024-06-27,2.55,2024-06-28,2.42,0.09999999999999964,4.0816326530612095,-0.03000000000000025,-1.2244897959183774
2024-06-28,3134,32.0,2588.6666666666665,2311,2881,545.3333333333335,21.06618593870719,50.666666666666664,-18.666666666666664,above_avg,2024-07-04,2024-07-03,2.02,2024-07-05,2.02,2024-07-08,2.1,0.0,0.0,0.08000000000000007,3.960396039603964
2024-07-05,3199,65.0,2642.6666666666665,2369,2930,556.3333333333335,21.051967709384467,54.0,11.0,above_avg,2024-07-11,2024-07-10,2.4,2024-07-11,2.23,2024-07-12,2.17,-0.16999999999999993,-7.08333333333333,-0.22999999999999998,-9.583333333333332
2024-07-12,3209,10.0,2683.3333333333335,2401,2971,525.6666666666665,19.590062111801235,40.666666666666664,-30.666666666666664,above_avg,2024-07-18,2024-07-17,1.98,2024-07-18,2.0,2024-07-19,1.88,0.020000000000000018,1.010101010101011,-0.10000000000000009,-5.0505050505050555
2024-07-19,3231,22.0,2705.6666666666665,2416,2987,525.3333333333335,19.416040409018116,22.333333333333332,-0.33333333333333215,above_avg,2024-07-25,2024-07-24,2.0,2024-07-25,2.0,2024-07-26,1.98,0.0,0.0,-0.020000000000000018,-1.0000000000000009
2024-07-26,3249,18.0,2728.3333333333335,2457,3001,520.6666666666665,19.08368967623701,22.666666666666668,-4.666666666666668,above_avg,2024-08-01,2024-07-31,1.94,2024-08-01,1.95,2024-08-02,1.89,0.010000000000000009,0.5154639175257737,-0.050000000000000044,-2.5773195876288684
2024-08-02,3270,21.0,2769.0,2501,3030,501.0,18.0931744312026,40.666666666666664,-19.666666666666664,above_avg,2024-08-08,2024-08-07,1.96,2024-08-08,1.85,2024-08-09,1.94,-0.10999999999999988,-5.612244897959178,-0.020000000000000018,-1.020408163265307
2024-08-09,3264,-6.0,2802.0,2519,3065,462.0,16.488222698072803,33.0,-39.0,above_avg,2024-08-15,2024-08-14,2.18,2024-08-15,2.19,2024-08-16,2.01,0.009999999999999787,0.45871559633026543,-0.17000000000000037,-7.798165137614696
2024-08-16,3299,35.0,2837.6666666666665,2579,3083,461.3333333333335,16.257488546928233,35.666666666666664,-0.6666666666666643,above_avg,2024-08-22,2024-08-21,2.14,2024-08-22,1.93,2024-08-23,1.82,-0.2100000000000002,-9.813084112149541,-0.32000000000000006,-14.953271028037385
2024-08-23,3334,35.0,2875.3333333333335,2640,3115,458.6666666666665,15.951773707396239,37.666666666666664,-2.6666666666666643,above_avg,2024-08-29,2024-08-28,1.89,2024-08-29,1.85,2024-08-30,1.93,-0.039999999999999813,-2.1164021164021065,0.040000000000000036,2.1164021164021185
2024-08-30,3347,13.0,2921.6666666666665,2694,3148,425.3333333333335,14.557900741585858,46.333333333333336,-33.333333333333336,above_avg,2024-09-05,2024-09-04,2.05,2024-09-05,2.02,2024-09-06,2.09,-0.029999999999999805,-1.463414634146332,0.040000000000000036,1.9512195121951237
2024-09-06,3387,40.0,2994.0,2771,3205,393.0,13.126252505010019,72.33333333333333,-32.33333333333333,above_avg,2024-09-12,2024-09-11,2.13,2024-09-12,2.13,2024-09-13,2.25,0.0,0.0,0.1200000000000001,5.633802816901413
2024-09-13,3445,58.0,3075.0,2874,3269,370.0,12.032520325203253,81.0,-23.0,above_avg,2024-09-19,2024-09-18,2.31,2024-09-19,2.24,2024-09-20,2.2,-0.06999999999999984,-3.0303030303030236,-0.10999999999999988,-4.761904761904756
2024-09-20,3493,48.0,3168.6666666666665,2977,3359,324.3333333333335,10.235640648011787,93.66666666666667,-45.66666666666667,above_avg,2024-09-26,2024-09-25,2.62,2024-09-26,2.64,2024-09-27,2.53,0.020000000000000018,0.7633587786259549,-0.0900000000000003,-3.435114503816805
2024-09-27,3548,55.0,3279.6666666666665,3106,3445,268.3333333333335,8.181725785140772,111.0,-56.0,above_avg,2024-10-03,2024-10-02,2.77,2024-10-03,2.75,2024-10-04,2.49,-0.020000000000000018,-0.7220216606498201,-0.2799999999999998,-10.108303249097466
2024-10-04,3630,82.0,3376.3333333333335,3231,3529,253.66666666666652,7.513081251851116,96.66666666666667,-14.666666666666671,above_avg,2024-10-10,2024-10-09,2.43,2024-10-10,2.26,2024-10-11,2.31,-0.17000000000000037,-6.995884773662567,-0.1200000000000001,-4.938271604938276
2024-10-11,3706,76.0,3476.3333333333335,3342,3626,229.66666666666652,6.606577811870741,100.0,-24.0,above_avg,2024-10-17,2024-10-16,2.21,2024-10-17,2.19,2024-10-18,1.82,-0.020000000000000018,-0.9049773755656116,-0.3899999999999999,-17.647058823529406
2024-10-18,3785,79.0,3547.3333333333335,3394,3700,237.66666666666652,6.699868445780864,71.0,8.0,above_avg,2024-10-24,2024-10-23,1.9,2024-10-24,2.04,2024-10-25,1.93,0.14000000000000012,7.368421052631585,0.030000000000000027,1.578947368421054
2024-10-25,3864,79.0,3630.3333333333335,3501,3779,233.66666666666652,6.43650720778624,83.0,-4.0,above_avg,2024-10-31,2024-10-30,2.03,2024-10-31,1.82,2024-11-01,1.42,-0.20999999999999974,-10.344827586206886,-0.6099999999999999,-30.04926108374384
2024-11-01,3931,67.0,3657.0,3580,3773,274.0,7.492480175006837,26.666666666666668,40.33333333333333,above_avg,2024-11-07,2024-11-06,1.8,2024-11-07,1.49,2024-11-08,1.21,-0.31000000000000005,-17.222222222222225,-0.5900000000000001,-32.777777777777786
2024-11-08,3972,41.0,3707.0,3644,3833,265.0,7.1486377124359315,50.0,-9.0,above_avg,2024-11-14,2024-11-13,2.06,2024-11-14,2.11,2024-11-15,1.65,0.04999999999999982,2.427184466019409,-0.41000000000000014,-19.902912621359228
2024-11-15,3969,-3.0,3671.0,3564,3826,298.0,8.117679106510488,-36.0,33.0,above_avg,2024-11-21,2024-11-20,2.32,2024-11-21,2.84,2024-11-22,2.41,0.52,22.413793103448278,0.0900000000000003,3.8793103448275996
2024-11-22,3967,-2.0,3627.6666666666665,3483,3836,339.3333333333335,9.354038408527066,-43.333333333333336,41.333333333333336,above_avg,2024-11-28,2024-11-27,3.39,2024-11-29,3.39,2024-12-02,3.05,0.0,0.0,-0.3400000000000003,-10.029498525073755
2024-11-29,3937,-30.0,3562.0,3462,3719,375.0,10.527793374508702,-65.66666666666667,35.66666666666667,above_avg,2024-12-05,2024-12-04,2.75,2024-12-05,2.95,2024-12-06,2.83,0.20000000000000018,7.27272727272728,0.08000000000000007,2.9090909090909114
2024-12-06,3747,-190.0,3497.6666666666665,3412,3664,249.33333333333348,7.128561898408467,-64.33333333333333,-125.66666666666667,above_avg,2024-12-12,2024-12-11,2.9,2024-12-12,3.12,2024-12-13,3.15,0.2200000000000002,7.586206896551731,0.25,8.620689655172415
2024-12-13,3622,-125.0,3421.3333333333335,3325,3577,200.66666666666652,5.865159781761492,-76.33333333333333,-48.66666666666667,above_avg,2024-12-19,2024-12-18,3.01,2024-12-19,3.15,2024-12-20,3.1,0.14000000000000012,4.651162790697679,0.0900000000000003,2.9900332225913724
2024-12-20,3529,-93.0,3276.0,3112,3490,253.0,7.722832722832723,-145.33333333333334,52.33333333333334,above_avg,2024-12-26,2024-12-24,2.95,2024-12-26,2.96,2024-12-27,2.91,0.009999999999999787,0.3389830508474504,-0.040000000000000036,-1.3559322033898318
2024-12-27,3413,-116.0,3187.3333333333335,2891,3476,225.66666666666652,7.080108763856928,-88.66666666666667,-27.33333333333333,above_avg,2025-01-02,2024-12-31,3.4,2025-01-02,3.65,2025-01-03,3.4,0.25,7.352941176470589,0.0,0.0
2025-01-03,3373,-40.0,3112.5,2902,3336,260.5,8.369477911646586,-110.5,70.5,above_avg,2025-01-09,2025-01-08,3.75,2025-01-09,3.94,2025-01-10,4.13,0.18999999999999995,5.0666666666666655,0.3799999999999999,10.133333333333331
2025-01-10,3115,-258.0,2955.25,2810,3182,159.75,5.405634041113273,-157.25,-100.75,above_avg,2025-01-16,2025-01-15,4.45,2025-01-16,4.3,2025-01-17,9.86,-0.15000000000000036,-3.37078651685394,5.409999999999999,121.57303370786514
2025-01-17,2892,-223.0,2765.5,2591,2881,126.5,4.5742180437533895,-189.75,-33.25,above_avg,2025-01-23,2025-01-22,3.91,2025-01-23,3.91,2025-01-24,3.84,0.0,0.0,-0.07000000000000028,-1.790281329923281
2025-01-24,2571,-321.0,2563.5,2323,2689,7.5,0.29256875365710944,-202.0,-119.0,above_avg,2025-01-30,2025-01-29,3.38,2025-01-30,3.12,2025-01-31,2.93,-0.2599999999999998,-7.692307692307685,-0.44999999999999973,-13.313609467455615
2025-01-31,2397,-174.0,2392.25,2101,2584,4.75,0.19855784303479984,-171.25,-2.75,above_avg,2025-02-06,2025-02-05,3.22,2025-02-06,3.31,2025-02-07,3.32,0.08999999999999986,2.795031055900617,0.09999999999999964,3.1055900621117902
2025-02-07,2297,-100.0,2247.0,1911,2530,50.0,2.2251891410769913,-145.25,45.25,above_avg,2025-02-13,2025-02-12,3.97,2025-02-13,4.43,2025-02-14,4.6,0.4599999999999995,11.586901763224168,0.6299999999999994,15.8690176322418
2025-02-14,2101,-196.0,2097.5,1782,2470,3.5,0.16686531585220502,-149.5,-46.5,above_avg,2025-02-20,2025-02-19,7.15,2025-02-20,5.62,2025-02-21,4.43,-1.5300000000000002,-21.398601398601404,-2.7200000000000006,-38.041958041958054
2025-02-21,1840,-261.0,1994.0,1643,2374,-154.0,-7.723169508525577,-103.5,-157.5,below_avg,2025-02-27,2025-02-26,3.9,2025-02-27,3.91,2025-02-28,3.91,0.010000000000000231,0.2564102564102623,0.010000000000000231,0.2564102564102623
2025-02-28,1760,-80.0,1919.0,1519,2334,-159.0,-8.285565398645128,-75.0,-5.0,below_avg,2025-03-06,2025-03-05,4.4,2025-03-06,4.39,2025-03-07,4.39,-0.010000000000000675,-0.22727272727274261,-0.010000000000000675,-0.22727272727274261
2025-03-07,1698,-62.0,1879.75,1440,2325,-181.75,-9.668838941348584,-39.25,-22.75,below_avg,2025-03-13,2025-03-12,4.18,2025-03-13,3.89,2025-03-14,3.89,-0.2899999999999996,-6.937799043062191,-0.2899999999999996,-6.937799043062191
2025-03-14,1707,9.0,1842.75,1389,2332,-135.75,-7.3667073667073675,-37.0,46.0,below_avg,2025-03-20,2025-03-19,4.21,2025-03-20,4.23,2025-03-21,3.93,0.020000000000000462,0.4750593824228138,-0.2799999999999998,-6.650831353919235
2025-03-21,1744,37.0,1832.0,1415,2296,-88.0,-4.8034934497816595,-10.75,47.75,below_avg,2025-03-27,2025-03-26,3.85,2025-03-27,3.88,2025-03-28,3.89,0.029999999999999805,0.7792207792207742,0.040000000000000036,1.0389610389610398
2025-03-28,1773,29.0,1813.75,1382,2259,-40.75,-2.2467263955892487,-18.25,47.25,below_avg,2025-04-03,2025-04-02,4.04,2025-04-03,4.21,2025-04-04,4.04,0.16999999999999993,4.207920792079206,0.0,0.0
2025-04-04,1830,57.0,1845.0,1397,2283,-15.0,-0.8130081300813009,31.25,25.75,below_avg,2025-04-10,2025-04-09,3.42,2025-04-10,3.7,2025-04-11,3.44,0.28000000000000025,8.187134502923984,0.020000000000000018,0.5847953216374274
2025-04-11,1846,16.0,1899.0,1450,2333,-53.0,-2.790942601369142,54.0,-38.0,below_avg,2025-04-17,2025-04-16,3.25,2025-04-17,2.94,2025-04-21,3.16,-0.31000000000000005,-9.53846153846154,-0.08999999999999986,-2.7692307692307647
2025-04-18,1934,88.0,1955.5,1490,2425,-21.5,-1.0994630529276401,56.5,31.5,below_avg,2025-04-24,2025-04-23,3.12,2025-04-24,2.87,2025-04-25,2.71,-0.25,-8.012820512820513,-0.41000000000000014,-13.141025641025644
2025-04-25,2041,107.0,2018.0,1567,2484,23.0,1.1397423191278493,62.5,44.5,above_avg,2025-05-01,2025-04-30,3.12,2025-05-01,3.08,2025-05-02,3.1,-0.040000000000000036,-1.2820512820512833,-0.020000000000000018,-0.6410256410256416
2025-05-02,2145,104.0,2095.5,1643,2569,49.5,2.3622047244094486,77.5,26.5,above_avg,2025-05-08,2025-05-07,3.18,2025-05-08,3.23,2025-05-09,3.22,0.04999999999999982,1.5723270440251518,0.040000000000000036,1.2578616352201268
2025-05-09,2255,110.0,2178.0,1732,2640,77.0,3.535353535353535,82.5,27.5,above_avg,2025-05-15,2025-05-14,3.31,2025-05-15,3.2,2025-05-16,3.01,-0.10999999999999988,-3.32326283987915,-0.30000000000000027,-9.063444108761336
2025-05-16,2375,120.0,2272.25,1819,2719,102.75,4.521949609417978,94.25,25.75,above_avg,2025-05-22,2025-05-21,3.2,2025-05-22,3.0,2025-05-23,2.93,-0.20000000000000018,-6.250000000000005,-0.27,-8.4375
2025-05-23,2476,101.0,2366.0,1901,2804,110.0,4.649196956889265,93.75,7.25,above_avg,2025-05-29,2025-05-28,3.09,2025-05-29,2.97,2025-05-30,2.86,-0.11999999999999966,-3.8834951456310574,-0.22999999999999998,-7.443365695792881
2025-05-30,2598,122.0,2466.0,2003,2900,132.0,5.35279805352798,100.0,22.0,above_avg,2025-06-05,2025-06-04,2.8,2025-06-05,2.86,2025-06-06,2.68,0.06000000000000005,2.142857142857145,-0.11999999999999966,-4.285714285714274
2025-06-06,2707,109.0,2532.5,2095,2974,174.5,6.890424481737413,66.5,42.5,above_avg,2025-06-12,2025-06-11,2.73,2025-06-12,2.9,2025-06-13,2.65,0.16999999999999993,6.2271062271062245,-0.08000000000000007,-2.9304029304029333
2025-06-13,2802,95.0,2606.25,2169,3045,195.75,7.510791366906474,73.75,21.25,above_avg,2025-06-19,2025-06-18,3.43,2025-06-20,3.09,2025-06-23,3.5,-0.3400000000000003,-9.912536443148696,0.06999999999999984,2.0408163265306074
2025-06-20,2898,96.0,2679.0,2251,3102,219.0,8.174692049272117,72.75,23.25,above_avg,2025-06-26,2025-06-25,3.26,2025-06-26,3.23,2025-06-27,3.23,-0.029999999999999805,-0.9202453987730002,-0.029999999999999805,-0.9202453987730002
2025-06-27,2953,55.0,2725.0,2311,3134,228.0,8.36697247706422,46.0,9.0,above_avg,2025-07-03,2025-07-02,3.1,2025-07-03,3.24,2025-07-07,3.24,0.14000000000000012,4.5161290322580685,0.14000000000000012,4.5161290322580685
2025-07-04,3006,53.0,2781.75,2369,3199,224.25,8.061472094904287,56.75,-3.75,above_avg,2025-07-10,2025-07-09,3.08,2025-07-10,3.11,2025-07-11,3.22,0.029999999999999805,0.9740259740259676,0.14000000000000012,4.545454545454549
2025-07-11,3052,46.0,2814.75,2401,3209,237.25,8.428812505551114,33.0,13.0,above_avg,2025-07-17,2025-07-16,3.42,2025-07-17,3.52,2025-07-18,3.5,0.10000000000000009,2.9239766081871372,0.08000000000000007,2.3391812865497097
2025-07-18,3075,23.0,2837.0,2416,3231,238.0,8.38914346140289,22.25,0.75,above_avg,2025-07-24,2025-07-23,3.08,2025-07-24,3.13,2025-07-25,3.1,0.04999999999999982,1.6233766233766176,0.020000000000000018,0.6493506493506499
2025-07-25,3123,48.0,2858.5,2457,3249,264.5,9.253104775231764,21.5,26.5,above_avg,2025-07-31,2025-07-30,2.98,2025-07-31,2.99,2025-08-01,3.0,0.010000000000000231,0.33557046979866545,0.020000000000000018,0.671140939597316
2025-08-01,3130,7.0,2894.25,2501,3270,235.75,8.145460827502808,35.75,-28.75,above_avg,2025-08-07,2025-08-06,3.02,2025-08-07,3.05,2025-08-08,3.03,0.029999999999999805,0.993377483443702,0.009999999999999787,0.33112582781456246
2025-08-08,3186,56.0,2917.5,2519,3264,268.5,9.203084832904885,23.25,32.75,above_avg,2025-08-14,2025-08-13,2.95,2025-08-14,2.78,2025-08-15,2.98,-0.17000000000000037,-5.762711864406792,0.029999999999999805,1.0169491525423662
2025-08-15,3199,13.0,2953.0,2579,3299,246.0,8.33051134439553,35.5,-22.5,above_avg,2025-08-21,2025-08-20,2.8,2025-08-21,2.88,2025-08-22,2.76,0.08000000000000007,2.85714285714286,-0.040000000000000036,-1.42857142857143
2025-08-22,3217,18.0,2990.0,2640,3334,227.0,7.591973244147157,37.0,-19.0,above_avg,2025-08-28,2025-08-27,2.88,2025-08-28,2.9,2025-08-29,2.88,0.020000000000000018,0.6944444444444451,0.0,0.0
2025-08-29,3262,45.0,3028.0,2694,3347,234.0,7.7278731836195504,38.0,7.0,above_avg,2025-09-04,2025-09-03,3.0,2025-09-04,3.11,2025-09-05,3.05,0.10999999999999988,3.6666666666666625,0.04999999999999982,1.6666666666666607
2025-09-05,3333,71.0,3092.25,2771,3387,240.75,7.785593014795052,64.25,6.75,above_avg,2025-09-11,2025-09-10,2.89,2025-09-11,2.81,2025-09-12,2.86,-0.08000000000000007,-2.7681660899654004,-0.03000000000000025,-1.0380622837370328
2025-09-12,3423,90.0,3167.5,2874,3445,255.5,8.066298342541437,75.25,14.75,above_avg,2025-09-18,2025-09-17,3.19,2025-09-18,3.1,2025-09-19,2.89,-0.08999999999999986,-2.8213166144200583,-0.2999999999999998,-9.404388714733537
2025-09-19,3499,76.0,3249.75,2977,3493,249.25,7.669820755442726,82.25,-6.25,above_avg,2025-09-25,2025-09-24,2.88,2025-09-25,2.98,2025-09-26,2.9,0.10000000000000009,3.472222222222225,0.020000000000000018,0.6944444444444451
2025-09-26,3551,52.0,3346.75,3106,3548,204.25,6.102935683872414,97.0,-45.0,above_avg,2025-10-02,2025-10-01,3.24,2025-10-02,3.32,2025-10-03,3.19,0.07999999999999963,2.469135802469124,-0.050000000000000266,-1.5432098765432178
2025-10-03,3631,80.0,3439.75,3231,3630,191.25,5.559997092811978,93.0,-13.0,above_avg,2025-10-09,2025-10-08,3.35,2025-10-09,3.25,2025-10-10,2.9,-0.10000000000000009,-2.9850746268656745,-0.4500000000000002,-13.432835820895528
2025-10-10,3712,81.0,3533.75,3342,3706,178.25,5.0442164839052,94.0,-13.0,above_avg,2025-10-16,2025-10-15,2.79,2025-10-16,2.82,2025-10-17,2.65,0.029999999999999805,1.0752688172042941,-0.14000000000000012,-5.01792114695341
2025-10-17,3798,86.0,3606.75,3394,3785,191.25,5.302557704304429,73.0,13.0,above_avg,2025-10-23,2025-10-22,3.45,2025-10-23,3.34,2025-10-24,3.21,-0.11000000000000032,-3.188405797101458,-0.2400000000000002,-6.956521739130441
2025-10-24,3872,74.0,3688.75,3501,3864,183.25,4.967807522873602,82.0,-8.0,above_avg,2025-10-30,2025-10-29,3.36,2025-10-30,3.46,2025-10-31,3.57,0.10000000000000009,2.976190476190479,0.20999999999999996,6.249999999999999
2025-10-31,3905,33.0,3725.5,3580,3931,179.5,4.818145215407328,36.75,-3.75,above_avg,2025-11-06,2025-11-05,3.51,2025-11-06,3.71,2025-11-07,3.76,0.20000000000000018,5.698005698005703,0.25,7.122507122507122
2025-11-07,3950,45.0,3773.25,3644,3972,176.75,4.684290730802359,47.75,-2.75,above_avg,2025-11-13,2025-11-12,3.6,2025-11-13,3.6,2025-11-14,3.49,0.0,0.0,-0.10999999999999988,-3.055555555555552
2025-11-14,3936,-14.0,3745.5,3564,3969,190.5,5.0861033239887865,-27.75,13.75,above_avg,2025-11-20,2025-11-19,3.94,2025-11-20,3.97,2025-11-21,4.13,0.03000000000000025,0.7614213197969607,0.18999999999999995,4.822335025380709
2025-11-21,3924,-12.0,3712.5,3483,3967,211.5,5.696969696969697,-33.0,21.0,above_avg,2025-11-27,2025-11-26,4.59,2025-12-01,5.08,2025-12-02,4.83,0.4900000000000002,10.675381263616563,0.2400000000000002,5.228758169934646
2025-11-28,3913,-11.0,3655.75,3462,3937,257.25,7.036859741503111,-56.75,45.75,above_avg,2025-12-04,2025-12-03,4.86,2025-12-04,4.89,2025-12-05,5.19,0.02999999999999936,0.6172839506172707,0.33000000000000007,6.790123456790124
2025-12-05,3735,-178.0,3560.0,3412,3747,175.0,4.915730337078652,-95.75,-82.25,above_avg,2025-12-11,2025-12-10,4.62,2025-12-11,4.35,2025-12-12,4.07,-0.27000000000000046,-5.844155844155853,-0.5499999999999998,-11.904761904761902
2025-12-12,3569,-166.0,3471.5,3325,3622,97.5,2.808584185510586,-88.5,-77.5,above_avg,2025-12-18,2025-12-17,3.66,2025-12-18,3.87,2025-12-19,3.58,0.20999999999999996,5.737704918032786,-0.08000000000000007,-2.1857923497267775
2025-12-19,3401,-168.0,3339.25,3112,3529,61.75,1.849217638691323,-132.25,-35.75,above_avg,2025-12-25,2025-12-24,3.31,2025-12-29,4.35,2025-12-30,4.4,1.0399999999999996,31.419939577039262,1.0900000000000003,32.930513595166175
2025-12-26,3364,-37.0,3243.75,2891,3476,120.25,3.7071290944123314,-95.5,58.5,above_avg,2026-01-01,2025-12-31,4.0,2026-01-05,2.82,2026-01-06,2.85,-1.1800000000000002,-29.500000000000004,-1.15,-28.749999999999996
2026-01-02,3244,-120.0,3164.6,2902,3373,79.40000000000009,2.5090058775200688,-96.4,-23.599999999999994,above_avg,2026-01-08,2026-01-07,3.1,2026-01-08,2.92,2026-01-09,2.87,-0.18000000000000016,-5.806451612903231,-0.22999999999999998,-7.419354838709677
2026-01-09,3174,-70.0,2987.2,2810,3182,186.80000000000018,6.253347616497061,-177.4,107.4,above_avg,2026-01-15,2026-01-14,3.13,2026-01-15,2.92,2026-01-16,3.06,-0.20999999999999996,-6.7092651757188495,-0.06999999999999984,-2.2364217252396115
2026-01-16,3054,-120.0,2790.8,2591,2892,263.1999999999998,9.430987530457209,-196.4,76.4,above_avg,2026-01-22,2026-01-21,4.96,2026-01-22,8.42,2026-01-23,30.72,3.46,69.75806451612904,25.759999999999998,519.3548387096774
2026-01-23,2813,-241.0,2565.0,2323,2689,248.0,9.668615984405458,-225.8,-15.199999999999989,above_avg,2026-01-29,2026-01-28,9.34,2026-01-29,10.25,2026-01-30,7.18,0.9100000000000001,9.743040685224841,-2.16,-23.126338329764458
2026-01-30,2454,-359.0,2393.2,2101,2584,60.80000000000018,2.5405315059334863,-171.8,-187.2,above_avg,2026-02-05,2026-02-04,6.88,2026-02-05,5.28,2026-02-06,4.37,-1.5999999999999996,-23.255813953488367,-2.51,-36.48255813953488
2026-02-06,2202,-252.0,2257.0,1911,2530,-55.0,-2.4368630926007975,-136.2,-115.80000000000001,below_avg,2026-02-12,2026-02-11,3.25,2026-02-12,3.43,2026-02-13,3.24,0.18000000000000016,5.538461538461544,-0.009999999999999787,-0.30769230769230116
2026-02-13,2059,-143.0,2098.2,1782,2470,-39.19999999999982,-1.8682680392717483,-158.8,15.800000000000011,below_avg,2026-02-19,2026-02-18,2.98,2026-02-19,3.09,2026-02-20,3.15,0.10999999999999988,3.691275167785231,0.16999999999999993,5.7046979865771785
2026-02-20,2007,-52.0,1963.2,1643,2374,43.799999999999955,2.2310513447432743,-135.0,83.0,above_avg,2026-02-26,2026-02-25,3.02,2026-02-26,2.94,2026-02-27,2.99,-0.08000000000000007,-2.6490066225165587,-0.029999999999999805,-0.993377483443702
2026-02-27,1876,-131.0,1887.2,1519,2334,-11.200000000000045,-0.5934718100890232,-76.0,-55.0,below_avg,2026-03-05,2026-03-04,2.87,2026-03-05,2.9,2026-03-06,3.1,0.029999999999999805,1.04529616724738,0.22999999999999998,8.013937282229964
2026-03-06,1838,-38.0,1843.4,1440,2325,-5.400000000000091,-0.29293696430509336,-43.8,5.799999999999997,below_avg,2026-03-12,2026-03-11,3.15,2026-03-12,3.27,2026-03-13,3.2,0.1200000000000001,3.8095238095238133,0.050000000000000266,1.5873015873015959
2026-03-13,1872,34.0,1815.6,1389,2332,56.40000000000009,3.1064111037673547,-27.8,61.8,above_avg,2026-03-19,2026-03-18,3.12,2026-03-19,3.21,2026-03-20,3.04,0.08999999999999986,2.8846153846153797,-0.08000000000000007,-2.5641025641025665
2026-03-20,1818,-54.0,1814.4,1415,2296,3.599999999999909,0.19841269841269338,-1.2,-52.8,above_avg,2026-03-26,2026-03-25,2.94,2026-03-26,2.99,2026-03-27,2.99,0.050000000000000266,1.7006802721088528,0.050000000000000266,1.7006802721088528
2026-03-27,1851,33.0,1805.6,1382,2259,45.40000000000009,2.5143996455471918,-8.8,41.8,above_avg,2026-04-02,2026-04-01,2.99,2026-04-02,2.86,2026-04-06,3.04,-0.13000000000000034,-4.347826086956533,0.04999999999999982,1.6722408026755793
2026-04-03,1900,49.0,1842.0,1397,2283,58.0,3.1487513572204127,36.4,12.600000000000001,above_avg,2026-04-09,2026-04-08,2.78,2026-04-09,2.78,2026-04-10,2.64,0.0,0.0,-0.13999999999999968,-5.035971223021572
2026-04-10,1960,60.0,1888.4,1450,2333,71.59999999999991,3.791569582715521,46.4,13.600000000000001,above_avg,2026-04-16,2026-04-15,2.78,2026-04-16,2.78,2026-04-17,2.71,0.0,0.0,-0.06999999999999984,-2.517985611510786
2026-04-17,2063,103.0,1951.2,1490,2425,111.79999999999995,5.729807298072978,62.8,40.2,above_avg,2026-04-23,2026-04-22,2.75,2026-04-23,2.65,2026-04-24,2.54,-0.10000000000000009,-3.63636363636364,-0.20999999999999996,-7.636363636363636
2026-04-24,2142,79.0,2022.6,1567,2484,119.40000000000009,5.903292791456546,71.4,7.599999999999994,above_avg,2026-04-30,2026-04-29,2.6,2026-04-30,2.64,2026-05-01,2.63,0.040000000000000036,1.5384615384615397,0.029999999999999805,1.1538461538461462
2026-05-01,2205,63.0,2105.4,1643,2569,99.59999999999991,4.730692504987171,82.8,-19.799999999999997,above_avg,2026-05-07,2026-05-06,2.75,2026-05-07,2.7,2026-05-08,2.75,-0.04999999999999982,-1.818181818181812,0.0,0.0
2026-05-08,2290,85.0,2193.4,1732,2640,96.59999999999991,4.404121455274911,88.0,-3.0,above_avg,2026-05-14,2026-05-13,2.88,2026-05-14,2.79,2026-05-15,2.89,-0.08999999999999986,-3.124999999999995,0.010000000000000231,0.34722222222223026
2026-05-15,2391,101.0,2292.8,1819,2719,98.19999999999982,4.282972784368449,99.4,1.5999999999999943,above_avg,2026-05-21,2026-05-20,3.18,2026-05-21,3.14,2026-05-22,2.92,-0.040000000000000036,-1.2578616352201268,-0.26000000000000023,-8.176100628930824
2026-05-22,2483,92.0,2388.0,1901,2804,95.0,3.978224455611391,95.2,-3.200000000000003,above_avg,2026-05-28,2026-05-27,3.13,2026-05-28,3.04,2026-05-29,3.34,-0.08999999999999986,-2.87539936102236,0.20999999999999996,6.7092651757188495
2026-05-29,2578,95.0,2492.4,2003,2900,85.59999999999991,3.434440699727167,104.4,-9.400000000000006,above_avg,2026-06-04,2026-06-03,2.97,2026-06-04,3.08,2026-06-05,3.05,0.10999999999999988,3.7037037037036993,0.07999999999999963,2.693602693602681
2026-06-05,2686,108.0,2567.4,2095,2974,118.59999999999991,4.619459375243433,75.0,33.0,above_avg,2026-06-11,2026-06-10,3.27,2026-06-11,3.16,2026-06-12,3.06,-0.10999999999999988,-3.363914373088681,-0.20999999999999996,-6.422018348623852
2026-06-12,2759,73.0,2645.4,2169,3045,113.59999999999991,4.294246616768727,78.0,-5.0,above_avg,2026-06-18,2026-06-17,3.25,2026-06-18,3.08,2026-06-22,3.16,-0.16999999999999993,-5.230769230769228,-0.08999999999999986,-2.7692307692307647
2026-06-19,2835,76.0,2722.8,2251,3102,112.19999999999982,4.120758043190826,77.4,-1.4000000000000057,above_avg,2026-06-25,2026-06-24,3.19,2026-06-25,3.21,2026-06-26,3.26,0.020000000000000018,0.6269592476489034,0.06999999999999984,2.194357366771155
2026-06-26,2922,87.0,2770.6,2311,3134,151.4000000000001,5.464520320508197,47.8,39.2,above_avg,2026-07-02,,,,,,,,,,
