period,duoarea,area-name,product,product-name,process,process-name,series,series-description,value,units
2021-01-01,R48,NA,EPG0,Natural Gas,SWO,Underground Storage - Working Gas,NW2_EPG0_SWO_R48_BCF,Weekly Lower 48 States Natural Gas Working Underground Storage (Billion Cubic Feet),3330,BCF
2021-01-08,R48,NA,EPG0,Natural Gas,SWO,Underground Storage - Working Gas,NW2_EPG0_SWO_R48_BCF,Weekly Lower 48 States Natural Gas Working Underground Storage (Billion Cubic Feet),3196,BCF
2021-01-15,R48,NA,EPG0,Natural Gas,SWO,Underground Storage - Working Gas,NW2_EPG0_SWO_R48_BCF,Weekly Lower 48 States Natural Gas Working Underground Storage (Billion Cubic Feet),3009,BCF
2021-01-22,R48,NA,EPG0,Natural Gas,SWO,Underground Storage - Working Gas,NW2_EPG0_SWO_R48_BCF,Weekly Lower 48 States Natural Gas Working Underground Storage (Billion Cubic Feet),2881,BCF
2021-01-29,R48,NA,EPG0,Natural Gas,SWO,Underground Storage - Working Gas,NW2_EPG0_SWO_R48_BCF,Weekly Lower 48 States Natural Gas Working Underground Storage (Billion Cubic Feet),2689,BCF
2021-02-05,R48,NA,EPG0,Natural Gas,SWO,Underground Storage - Working Gas,NW2_EPG0_SWO_R48_BCF,Weekly Lower 48 States Natural Gas Working Underground Storage (Billion Cubic Feet),2518,BCF
2021-02-12,R48,NA,EPG0,Natural Gas,SWO,Underground Storage - Working Gas,NW2_EPG0_SWO_R48_BCF,Weekly Lower 48 States Natural Gas Working Underground Storage (Billion Cubic Feet),2281,BCF
2021-02-19,R48,NA,EPG0,Natural Gas,SWO,Underground Storage - Working Gas,NW2_EPG0_SWO_R48_BCF,Weekly Lower 48 States Natural Gas Working Underground Storage (Billion Cubic Feet),1943,BCF
2021-02-26,R48,NA,EPG0,Natural Gas,SWO,Underground Storage - Working Gas,NW2_EPG0_SWO_R48_BCF,Weekly Lower 48 States Natural Gas Working Underground Storage (Billion Cubic Feet),1845,BCF
2021-03-05,R48,NA,EPG0,Natural Gas,SWO,Underground Storage - Working Gas,NW2_EPG0_SWO_R48_BCF,Weekly Lower 48 States Natural Gas Working Underground Storage (Billion Cubic Feet),1793,BCF
2021-03-12,R48,NA,EPG0,Natural Gas,SWO,Underground Storage - Working Gas,NW2_EPG0_SWO_R48_BCF,Weekly Lower 48 States Natural Gas Working Underground Storage (Billion Cubic Feet),1782,BCF
2021-03-19,R48,NA,EPG0,Natural Gas,SWO,Underground Storage - Working Gas,NW2_EPG0_SWO_R48_BCF,Weekly Lower 48 States Natural Gas Working Underground Storage (Billion Cubic Feet),1750,BCF
2021-03-26,R48,NA,EPG0,Natural Gas,SWO,Underground Storage - Working Gas,NW2_EPG0_SWO_R48_BCF,Weekly Lower 48 States Natural Gas Working Underground Storage (Billion Cubic Feet),1764,BCF
2021-04-02,R48,NA,EPG0,Natural Gas,SWO,Underground Storage - Working Gas,NW2_EPG0_SWO_R48_BCF,Weekly Lower 48 States Natural Gas Working Underground Storage (Billion Cubic Feet),1784,BCF
2021-04-09,R48,NA,EPG0,Natural Gas,SWO,Underground Storage - Working Gas,NW2_EPG0_SWO_R48_BCF,Weekly Lower 48 States Natural Gas Working Underground Storage (Billion Cubic Feet),1845,BCF
2021-04-16,R48,NA,EPG0,Natural Gas,SWO,Underground Storage - Working Gas,NW2_EPG0_SWO_R48_BCF,Weekly Lower 48 States Natural Gas Working Underground Storage (Billion Cubic Feet),1883,BCF
2021-04-23,R48,NA,EPG0,Natural Gas,SWO,Underground Storage - Working Gas,NW2_EPG0_SWO_R48_BCF,Weekly Lower 48 States Natural Gas Working Underground Storage (Billion Cubic Feet),1898,BCF
2021-04-30,R48,NA,EPG0,Natural Gas,SWO,Underground Storage - Working Gas,NW2_EPG0_SWO_R48_BCF,Weekly Lower 48 States Natural Gas Working Underground Storage (Billion Cubic Feet),1958,BCF
2021-05-07,R48,NA,EPG0,Natural Gas,SWO,Underground Storage - Working Gas,NW2_EPG0_SWO_R48_BCF,Weekly Lower 48 States Natural Gas Working Underground Storage (Billion Cubic Feet),2029,BCF
2021-05-14,R48,NA,EPG0,Natural Gas,SWO,Underground Storage - Working Gas,NW2_EPG0_SWO_R48_BCF,Weekly Lower 48 States Natural Gas Working Underground Storage (Billion Cubic Feet),2100,BCF
2021-05-21,R48,NA,EPG0,Natural Gas,SWO,Underground Storage - Working Gas,NW2_EPG0_SWO_R48_BCF,Weekly Lower 48 States Natural Gas Working Underground Storage (Billion Cubic Feet),2215,BCF
2021-05-28,R48,NA,EPG0,Natural Gas,SWO,Underground Storage - Working Gas,NW2_EPG0_SWO_R48_BCF,Weekly Lower 48 States Natural Gas Working Underground Storage (Billion Cubic Feet),2313,BCF
2021-06-04,R48,NA,EPG0,Natural Gas,SWO,Underground Storage - Working Gas,NW2_EPG0_SWO_R48_BCF,Weekly Lower 48 States Natural Gas Working Underground Storage (Billion Cubic Feet),2411,BCF
2021-06-11,R48,NA,EPG0,Natural Gas,SWO,Underground Storage - Working Gas,NW2_EPG0_SWO_R48_BCF,Weekly Lower 48 States Natural Gas Working Underground Storage (Billion Cubic Feet),2427,BCF
2021-06-18,R48,NA,EPG0,Natural Gas,SWO,Underground Storage - Working Gas,NW2_EPG0_SWO_R48_BCF,Weekly Lower 48 States Natural Gas Working Underground Storage (Billion Cubic Feet),2482,BCF
2021-06-25,R48,NA,EPG0,Natural Gas,SWO,Underground Storage - Working Gas,NW2_EPG0_SWO_R48_BCF,Weekly Lower 48 States Natural Gas Working Underground Storage (Billion Cubic Feet),2558,BCF
2021-07-02,R48,NA,EPG0,Natural Gas,SWO,Underground Storage - Working Gas,NW2_EPG0_SWO_R48_BCF,Weekly Lower 48 States Natural Gas Working Underground Storage (Billion Cubic Feet),2574,BCF
2021-07-09,R48,NA,EPG0,Natural Gas,SWO,Underground Storage - Working Gas,NW2_EPG0_SWO_R48_BCF,Weekly Lower 48 States Natural Gas Working Underground Storage (Billion Cubic Feet),2629,BCF
2021-07-16,R48,NA,EPG0,Natural Gas,SWO,Underground Storage - Working Gas,NW2_EPG0_SWO_R48_BCF,Weekly Lower 48 States Natural Gas Working Underground Storage (Billion Cubic Feet),2678,BCF
2021-07-23,R48,NA,EPG0,Natural Gas,SWO,Underground Storage - Working Gas,NW2_EPG0_SWO_R48_BCF,Weekly Lower 48 States Natural Gas Working Underground Storage (Billion Cubic Feet),2714,BCF
2021-07-30,R48,NA,EPG0,Natural Gas,SWO,Underground Storage - Working Gas,NW2_EPG0_SWO_R48_BCF,Weekly Lower 48 States Natural Gas Working Underground Storage (Billion Cubic Feet),2727,BCF
2021-08-06,R48,NA,EPG0,Natural Gas,SWO,Underground Storage - Working Gas,NW2_EPG0_SWO_R48_BCF,Weekly Lower 48 States Natural Gas Working Underground Storage (Billion Cubic Feet),2776,BCF
2021-08-13,R48,NA,EPG0,Natural Gas,SWO,Underground Storage - Working Gas,NW2_EPG0_SWO_R48_BCF,Weekly Lower 48 States Natural Gas Working Underground Storage (Billion Cubic Feet),2822,BCF
2021-08-20,R48,NA,EPG0,Natural Gas,SWO,Underground Storage - Working Gas,NW2_EPG0_SWO_R48_BCF,Weekly Lower 48 States Natural Gas Working Underground Storage (Billion Cubic Feet),2851,BCF
2021-08-27,R48,NA,EPG0,Natural Gas,SWO,Underground Storage - Working Gas,NW2_EPG0_SWO_R48_BCF,Weekly Lower 48 States Natural Gas Working Underground Storage (Billion Cubic Feet),2871,BCF
2021-09-03,R48,NA,EPG0,Natural Gas,SWO,Underground Storage - Working Gas,NW2_EPG0_SWO_R48_BCF,Weekly Lower 48 States Natural Gas Working Underground Storage (Billion Cubic Feet),2923,BCF
2021-09-10,R48,NA,EPG0,Natural Gas,SWO,Underground Storage - Working Gas,NW2_EPG0_SWO_R48_BCF,Weekly Lower 48 States Natural Gas Working Underground Storage (Billion Cubic Feet),3006,BCF
2021-09-17,R48,NA,EPG0,Natural Gas,SWO,Underground Storage - Working Gas,NW2_EPG0_SWO_R48_BCF,Weekly Lower 48 States Natural Gas Working Underground Storage (Billion Cubic Feet),3082,BCF
2021-09-24,R48,NA,EPG0,Natural Gas,SWO,Underground Storage - Working Gas,NW2_EPG0_SWO_R48_BCF,Weekly Lower 48 States Natural Gas Working Underground Storage (Billion Cubic Feet),3170,BCF
2021-10-01,R48,NA,EPG0,Natural Gas,SWO,Underground Storage - Working Gas,NW2_EPG0_SWO_R48_BCF,Weekly Lower 48 States Natural Gas Working Underground Storage (Billion Cubic Feet),3288,BCF
2021-10-08,R48,NA,EPG0,Natural Gas,SWO,Underground Storage - Working Gas,NW2_EPG0_SWO_R48_BCF,Weekly Lower 48 States Natural Gas Working Underground Storage (Billion Cubic Feet),3369,BCF
2021-10-15,R48,NA,EPG0,Natural Gas,SWO,Underground Storage - Working Gas,NW2_EPG0_SWO_R48_BCF,Weekly Lower 48 States Natural Gas Working Underground Storage (Billion Cubic Feet),3461,BCF
2021-10-22,R48,NA,EPG0,Natural Gas,SWO,Underground Storage - Working Gas,NW2_EPG0_SWO_R48_BCF,Weekly Lower 48 States Natural Gas Working Underground Storage (Billion Cubic Feet),3548,BCF
2021-10-29,R48,NA,EPG0,Natural Gas,SWO,Underground Storage - Working Gas,NW2_EPG0_SWO_R48_BCF,Weekly Lower 48 States Natural Gas Working Underground Storage (Billion Cubic Feet),3611,BCF
2021-11-05,R48,NA,EPG0,Natural Gas,SWO,Underground Storage - Working Gas,NW2_EPG0_SWO_R48_BCF,Weekly Lower 48 States Natural Gas Working Underground Storage (Billion Cubic Feet),3618,BCF
2021-11-12,R48,NA,EPG0,Natural Gas,SWO,Underground Storage - Working Gas,NW2_EPG0_SWO_R48_BCF,Weekly Lower 48 States Natural Gas Working Underground Storage (Billion Cubic Feet),3644,BCF
2021-11-19,R48,NA,EPG0,Natural Gas,SWO,Underground Storage - Working Gas,NW2_EPG0_SWO_R48_BCF,Weekly Lower 48 States Natural Gas Working Underground Storage (Billion Cubic Feet),3623,BCF
2021-11-26,R48,NA,EPG0,Natural Gas,SWO,Underground Storage - Working Gas,NW2_EPG0_SWO_R48_BCF,Weekly Lower 48 States Natural Gas Working Underground Storage (Billion Cubic Feet),3564,BCF
2021-12-03,R48,NA,EPG0,Natural Gas,SWO,Underground Storage - Working Gas,NW2_EPG0_SWO_R48_BCF,Weekly Lower 48 States Natural Gas Working Underground Storage (Billion Cubic Feet),3505,BCF
2021-12-10,R48,NA,EPG0,Natural Gas,SWO,Underground Storage - Working Gas,NW2_EPG0_SWO_R48_BCF,Weekly Lower 48 States Natural Gas Working Underground Storage (Billion Cubic Feet),3417,BCF
2021-12-17,R48,NA,EPG0,Natural Gas,SWO,Underground Storage - Working Gas,NW2_EPG0_SWO_R48_BCF,Weekly Lower 48 States Natural Gas Working Underground Storage (Billion Cubic Feet),3362,BCF
2021-12-24,R48,NA,EPG0,Natural Gas,SWO,Underground Storage - Working Gas,NW2_EPG0_SWO_R48_BCF,Weekly Lower 48 States Natural Gas Working Underground Storage (Billion Cubic Feet),3226,BCF
2021-12-31,R48,NA,EPG0,Natural Gas,SWO,Underground Storage - Working Gas,NW2_EPG0_SWO_R48_BCF,Weekly Lower 48 States Natural Gas Working Underground Storage (Billion Cubic Feet),3195,BCF
2022-01-07,R48,NA,EPG0,Natural Gas,SWO,Underground Storage - Working Gas,NW2_EPG0_SWO_R48_BCF,Weekly Lower 48 States Natural Gas Working Underground Storage (Billion Cubic Feet),3016,BCF
2022-01-14,R48,NA,EPG0,Natural Gas,SWO,Underground Storage - Working Gas,NW2_EPG0_SWO_R48_BCF,Weekly Lower 48 States Natural Gas Working Underground Storage (Billion Cubic Feet),2810,BCF
2022-01-21,R48,NA,EPG0,Natural Gas,SWO,Underground Storage - Working Gas,NW2_EPG0_SWO_R48_BCF,Weekly Lower 48 States Natural Gas Working Underground Storage (Billion Cubic Feet),2591,BCF
2022-01-28,R48,NA,EPG0,Natural Gas,SWO,Underground Storage - Working Gas,NW2_EPG0_SWO_R48_BCF,Weekly Lower 48 States Natural Gas Working Underground Storage (Billion Cubic Feet),2323,BCF
2022-02-04,R48,NA,EPG0,Natural Gas,SWO,Underground Storage - Working Gas,NW2_EPG0_SWO_R48_BCF,Weekly Lower 48 States Natural Gas Working Underground Storage (Billion Cubic Feet),2101,BCF
2022-02-11,R48,NA,EPG0,Natural Gas,SWO,Underground Storage - Working Gas,NW2_EPG0_SWO_R48_BCF,Weekly Lower 48 States Natural Gas Working Underground Storage (Billion Cubic Feet),1911,BCF
2022-02-18,R48,NA,EPG0,Natural Gas,SWO,Underground Storage - Working Gas,NW2_EPG0_SWO_R48_BCF,Weekly Lower 48 States Natural Gas Working Underground Storage (Billion Cubic Feet),1782,BCF
2022-02-25,R48,NA,EPG0,Natural Gas,SWO,Underground Storage - Working Gas,NW2_EPG0_SWO_R48_BCF,Weekly Lower 48 States Natural Gas Working Underground Storage (Billion Cubic Feet),1643,BCF
2022-03-04,R48,NA,EPG0,Natural Gas,SWO,Underground Storage - Working Gas,NW2_EPG0_SWO_R48_BCF,Weekly Lower 48 States Natural Gas Working Underground Storage (Billion Cubic Feet),1519,BCF
2022-03-11,R48,NA,EPG0,Natural Gas,SWO,Underground Storage - Working Gas,NW2_EPG0_SWO_R48_BCF,Weekly Lower 48 States Natural Gas Working Underground Storage (Billion Cubic Feet),1440,BCF
2022-03-18,R48,NA,EPG0,Natural Gas,SWO,Underground Storage - Working Gas,NW2_EPG0_SWO_R48_BCF,Weekly Lower 48 States Natural Gas Working Underground Storage (Billion Cubic Feet),1389,BCF
2022-03-25,R48,NA,EPG0,Natural Gas,SWO,Underground Storage - Working Gas,NW2_EPG0_SWO_R48_BCF,Weekly Lower 48 States Natural Gas Working Underground Storage (Billion Cubic Feet),1415,BCF
2022-04-01,R48,NA,EPG0,Natural Gas,SWO,Underground Storage - Working Gas,NW2_EPG0_SWO_R48_BCF,Weekly Lower 48 States Natural Gas Working Underground Storage (Billion Cubic Feet),1382,BCF
2022-04-08,R48,NA,EPG0,Natural Gas,SWO,Underground Storage - Working Gas,NW2_EPG0_SWO_R48_BCF,Weekly Lower 48 States Natural Gas Working Underground Storage (Billion Cubic Feet),1397,BCF
2022-04-15,R48,NA,EPG0,Natural Gas,SWO,Underground Storage - Working Gas,NW2_EPG0_SWO_R48_BCF,Weekly Lower 48 States Natural Gas Working Underground Storage (Billion Cubic Feet),1450,BCF
2022-04-22,R48,NA,EPG0,Natural Gas,SWO,Underground Storage - Working Gas,NW2_EPG0_SWO_R48_BCF,Weekly Lower 48 States Natural Gas Working Underground Storage (Billion Cubic Feet),1490,BCF
2022-04-29,R48,NA,EPG0,Natural Gas,SWO,Underground Storage - Working Gas,NW2_EPG0_SWO_R48_BCF,Weekly Lower 48 States Natural Gas Working Underground Storage (Billion Cubic Feet),1567,BCF
2022-05-06,R48,NA,EPG0,Natural Gas,SWO,Underground Storage - Working Gas,NW2_EPG0_SWO_R48_BCF,Weekly Lower 48 States Natural Gas Working Underground Storage (Billion Cubic Feet),1643,BCF
2022-05-13,R48,NA,EPG0,Natural Gas,SWO,Underground Storage - Working Gas,NW2_EPG0_SWO_R48_BCF,Weekly Lower 48 States Natural Gas Working Underground Storage (Billion Cubic Feet),1732,BCF
2022-05-20,R48,NA,EPG0,Natural Gas,SWO,Underground Storage - Working Gas,NW2_EPG0_SWO_R48_BCF,Weekly Lower 48 States Natural Gas Working Underground Storage (Billion Cubic Feet),1819,BCF
2022-05-27,R48,NA,EPG0,Natural Gas,SWO,Underground Storage - Working Gas,NW2_EPG0_SWO_R48_BCF,Weekly Lower 48 States Natural Gas Working Underground Storage (Billion Cubic Feet),1901,BCF
2022-06-03,R48,NA,EPG0,Natural Gas,SWO,Underground Storage - Working Gas,NW2_EPG0_SWO_R48_BCF,Weekly Lower 48 States Natural Gas Working Underground Storage (Billion Cubic Feet),2003,BCF
2022-06-10,R48,NA,EPG0,Natural Gas,SWO,Underground Storage - Working Gas,NW2_EPG0_SWO_R48_BCF,Weekly Lower 48 States Natural Gas Working Underground Storage (Billion Cubic Feet),2095,BCF
2022-06-17,R48,NA,EPG0,Natural Gas,SWO,Underground Storage - Working Gas,NW2_EPG0_SWO_R48_BCF,Weekly Lower 48 States Natural Gas Working Underground Storage (Billion Cubic Feet),2169,BCF
2022-06-24,R48,NA,EPG0,Natural Gas,SWO,Underground Storage - Working Gas,NW2_EPG0_SWO_R48_BCF,Weekly Lower 48 States Natural Gas Working Underground Storage (Billion Cubic Feet),2251,BCF
2022-07-01,R48,NA,EPG0,Natural Gas,SWO,Underground Storage - Working Gas,NW2_EPG0_SWO_R48_BCF,Weekly Lower 48 States Natural Gas Working Underground Storage (Billion Cubic Feet),2311,BCF
2022-07-08,R48,NA,EPG0,Natural Gas,SWO,Underground Storage - Working Gas,NW2_EPG0_SWO_R48_BCF,Weekly Lower 48 States Natural Gas Working Underground Storage (Billion Cubic Feet),2369,BCF
2022-07-15,R48,NA,EPG0,Natural Gas,SWO,Underground Storage - Working Gas,NW2_EPG0_SWO_R48_BCF,Weekly Lower 48 States Natural Gas Working Underground Storage (Billion Cubic Feet),2401,BCF
2022-07-22,R48,NA,EPG0,Natural Gas,SWO,Underground Storage - Working Gas,NW2_EPG0_SWO_R48_BCF,Weekly Lower 48 States Natural Gas Working Underground Storage (Billion Cubic Feet),2416,BCF
2022-07-29,R48,NA,EPG0,Natural Gas,SWO,Underground Storage - Working Gas,NW2_EPG0_SWO_R48_BCF,Weekly Lower 48 States Natural Gas Working Underground Storage (Billion Cubic Feet),2457,BCF
2022-08-05,R48,NA,EPG0,Natural Gas,SWO,Underground Storage - Working Gas,NW2_EPG0_SWO_R48_BCF,Weekly Lower 48 States Natural Gas Working Underground Storage (Billion Cubic Feet),2501,BCF
2022-08-12,R48,NA,EPG0,Natural Gas,SWO,Underground Storage - Working Gas,NW2_EPG0_SWO_R48_BCF,Weekly Lower 48 States Natural Gas Working Underground Storage (Billion Cubic Feet),2519,BCF
2022-08-19,R48,NA,EPG0,Natural Gas,SWO,Underground Storage - Working Gas,NW2_EPG0_SWO_R48_BCF,Weekly Lower 48 States Natural Gas Working Underground Storage (Billion Cubic Feet),2579,BCF
2022-08-26,R48,NA,EPG0,Natural Gas,SWO,Underground Storage - Working Gas,NW2_EPG0_SWO_R48_BCF,Weekly Lower 48 States Natural Gas Working Underground Storage (Billion Cubic Feet),2640,BCF
2022-09-02,R48,NA,EPG0,Natural Gas,SWO,Underground Storage - Working Gas,NW2_EPG0_SWO_R48_BCF,Weekly Lower 48 States Natural Gas Working Underground Storage (Billion Cubic Feet),2694,BCF
2022-09-09,R48,NA,EPG0,Natural Gas,SWO,Underground Storage - Working Gas,NW2_EPG0_SWO_R48_BCF,Weekly Lower 48 States Natural Gas Working Underground Storage (Billion Cubic Feet),2771,BCF
2022-09-16,R48,NA,EPG0,Natural Gas,SWO,Underground Storage - Working Gas,NW2_EPG0_SWO_R48_BCF,Weekly Lower 48 States Natural Gas Working Underground Storage (Billion Cubic Feet),2874,BCF
2022-09-23,R48,NA,EPG0,Natural Gas,SWO,Underground Storage - Working Gas,NW2_EPG0_SWO_R48_BCF,Weekly Lower 48 States Natural Gas Working Underground Storage (Billion Cubic Feet),2977,BCF
2022-09-30,R48,NA,EPG0,Natural Gas,SWO,Underground Storage - Working Gas,NW2_EPG0_SWO_R48_BCF,Weekly Lower 48 States Natural Gas Working Underground Storage (Billion Cubic Feet),3106,BCF
2022-10-07,R48,NA,EPG0,Natural Gas,SWO,Underground Storage - Working Gas,NW2_EPG0_SWO_R48_BCF,Weekly Lower 48 States Natural Gas Working Underground Storage (Billion Cubic Feet),3231,BCF
2022-10-14,R48,NA,EPG0,Natural Gas,SWO,Underground Storage - Working Gas,NW2_EPG0_SWO_R48_BCF,Weekly Lower 48 States Natural Gas Working Underground Storage (Billion Cubic Feet),3342,BCF
2022-10-21,R48,NA,EPG0,Natural Gas,SWO,Underground Storage - Working Gas,NW2_EPG0_SWO_R48_BCF,Weekly Lower 48 States Natural Gas Working Underground Storage (Billion Cubic Feet),3394,BCF
2022-10-28,R48,NA,EPG0,Natural Gas,SWO,Underground Storage - Working Gas,NW2_EPG0_SWO_R48_BCF,Weekly Lower 48 States Natural Gas Working Underground Storage (Billion Cubic Feet),3501,BCF
2022-11-04,R48,NA,EPG0,Natural Gas,SWO,Underground Storage - Working Gas,NW2_EPG0_SWO_R48_BCF,Weekly Lower 48 States Natural Gas Working Underground Storage (Billion Cubic Feet),3580,BCF
2022-11-11,R48,NA,EPG0,Natural Gas,SWO,Underground Storage - Working Gas,NW2_EPG0_SWO_R48_BCF,Weekly Lower 48 States Natural Gas Working Underground Storage (Billion Cubic Feet),3644,BCF
2022-11-18,R48,NA,EPG0,Natural Gas,SWO,Underground Storage - Working Gas,NW2_EPG0_SWO_R48_BCF,Weekly Lower 48 States Natural Gas Working Underground Storage (Billion Cubic Feet),3564,BCF
2022-11-25,R48,NA,EPG0,Natural Gas,SWO,Underground Storage - Working Gas,NW2_EPG0_SWO_R48_BCF,Weekly Lower 48 States Natural Gas Working Underground Storage (Billion Cubic Feet),3483,BCF
2022-12-02,R48,NA,EPG0,Natural Gas,SWO,Underground Storage - Working Gas,NW2_EPG0_SWO_R48_BCF,Weekly Lower 48 States Natural Gas Working Underground Storage (Billion Cubic Feet),3462,BCF
2022-12-09,R48,NA,EPG0,Natural Gas,SWO,Underground Storage - Working Gas,NW2_EPG0_SWO_R48_BCF,Weekly Lower 48 States Natural Gas Working Underground Storage (Billion Cubic Feet),3412,BCF
2022-12-16,R48,NA,EPG0,Natural Gas,SWO,Underground Storage - Working Gas,NW2_EPG0_SWO_R48_BCF,Weekly Lower 48 States Natural Gas Working Underground Storage (Billion Cubic Feet),3325,BCF
2022-12-23,R48,NA,EPG0,Natural Gas,SWO,Underground Storage - Working Gas,NW2_EPG0_SWO_R48_BCF,Weekly Lower 48 States Natural Gas Working Underground Storage (Billion Cubic Feet),3112,BCF
2022-12-30,R48,NA,EPG0,Natural Gas,SWO,Underground Storage - Working Gas,NW2_EPG0_SWO_R48_BCF,Weekly Lower 48 States Natural Gas Working Underground Storage (Billion Cubic Feet),2891,BCF
2023-01-06,R48,NA,EPG0,Natural Gas,SWO,Underground Storage - Working Gas,NW2_EPG0_SWO_R48_BCF,Weekly Lower 48 States Natural Gas Working Underground Storage (Billion Cubic Feet),2902,BCF
2023-01-13,R48,NA,EPG0,Natural Gas,SWO,Underground Storage - Working Gas,NW2_EPG0_SWO_R48_BCF,Weekly Lower 48 States Natural Gas Working Underground Storage (Billion Cubic Feet),2820,BCF
2023-01-20,R48,NA,EPG0,Natural Gas,SWO,Underground Storage - Working Gas,NW2_EPG0_SWO_R48_BCF,Weekly Lower 48 States Natural Gas Working Underground Storage (Billion Cubic Feet),2734,BCF
2023-01-27,R48,NA,EPG0,Natural Gas,SWO,Underground Storage - Working Gas,NW2_EPG0_SWO_R48_BCF,Weekly Lower 48 States Natural Gas Working Underground Storage (Billion Cubic Feet),2583,BCF
2023-02-03,R48,NA,EPG0,Natural Gas,SWO,Underground Storage - Working Gas,NW2_EPG0_SWO_R48_BCF,Weekly Lower 48 States Natural Gas Working Underground Storage (Billion Cubic Feet),2366,BCF
2023-02-10,R48,NA,EPG0,Natural Gas,SWO,Underground Storage - Working Gas,NW2_EPG0_SWO_R48_BCF,Weekly Lower 48 States Natural Gas Working Underground Storage (Billion Cubic Feet),2266,BCF
2023-02-17,R48,NA,EPG0,Natural Gas,SWO,Underground Storage - Working Gas,NW2_EPG0_SWO_R48_BCF,Weekly Lower 48 States Natural Gas Working Underground Storage (Billion Cubic Feet),2195,BCF
2023-02-24,R48,NA,EPG0,Natural Gas,SWO,Underground Storage - Working Gas,NW2_EPG0_SWO_R48_BCF,Weekly Lower 48 States Natural Gas Working Underground Storage (Billion Cubic Feet),2114,BCF
2023-03-03,R48,NA,EPG0,Natural Gas,SWO,Underground Storage - Working Gas,NW2_EPG0_SWO_R48_BCF,Weekly Lower 48 States Natural Gas Working Underground Storage (Billion Cubic Feet),2030,BCF
2023-03-10,R48,NA,EPG0,Natural Gas,SWO,Underground Storage - Working Gas,NW2_EPG0_SWO_R48_BCF,Weekly Lower 48 States Natural Gas Working Underground Storage (Billion Cubic Feet),1972,BCF
2023-03-17,R48,NA,EPG0,Natural Gas,SWO,Underground Storage - Working Gas,NW2_EPG0_SWO_R48_BCF,Weekly Lower 48 States Natural Gas Working Underground Storage (Billion Cubic Feet),1900,BCF
2023-03-24,R48,NA,EPG0,Natural Gas,SWO,Underground Storage - Working Gas,NW2_EPG0_SWO_R48_BCF,Weekly Lower 48 States Natural Gas Working Underground Storage (Billion Cubic Feet),1853,BCF
2023-03-31,R48,NA,EPG0,Natural Gas,SWO,Underground Storage - Working Gas,NW2_EPG0_SWO_R48_BCF,Weekly Lower 48 States Natural Gas Working Underground Storage (Billion Cubic Feet),1830,BCF
2023-04-07,R48,NA,EPG0,Natural Gas,SWO,Underground Storage - Working Gas,NW2_EPG0_SWO_R48_BCF,Weekly Lower 48 States Natural Gas Working Underground Storage (Billion Cubic Feet),1855,BCF
2023-04-14,R48,NA,EPG0,Natural Gas,SWO,Underground Storage - Working Gas,NW2_EPG0_SWO_R48_BCF,Weekly Lower 48 States Natural Gas Working Underground Storage (Billion Cubic Feet),1930,BCF
2023-04-21,R48,NA,EPG0,Natural Gas,SWO,Underground Storage - Working Gas,NW2_EPG0_SWO_R48_BCF,Weekly Lower 48 States Natural Gas Working Underground Storage (Billion Cubic Feet),2009,BCF
2023-04-28,R48,NA,EPG0,Natural Gas,SWO,Underground Storage - Working Gas,NW2_EPG0_SWO_R48_BCF,Weekly Lower 48 States Natural Gas Working Underground Storage (Billion Cubic Feet),2063,BCF
2023-05-05,R48,NA,EPG0,Natural Gas,SWO,Underground Storage - Working Gas,NW2_EPG0_SWO_R48_BCF,Weekly Lower 48 States Natural Gas Working Underground Storage (Billion Cubic Feet),2141,BCF
2023-05-12,R48,NA,EPG0,Natural Gas,SWO,Underground Storage - Working Gas,NW2_EPG0_SWO_R48_BCF,Weekly Lower 48 States Natural Gas Working Underground Storage (Billion Cubic Feet),2240,BCF
2023-05-19,R48,NA,EPG0,Natural Gas,SWO,Underground Storage - Working Gas,NW2_EPG0_SWO_R48_BCF,Weekly Lower 48 States Natural Gas Working Underground Storage (Billion Cubic Feet),2336,BCF
2023-05-26,R48,NA,EPG0,Natural Gas,SWO,Underground Storage - Working Gas,NW2_EPG0_SWO_R48_BCF,Weekly Lower 48 States Natural Gas Working Underground Storage (Billion Cubic Feet),2446,BCF
2023-06-02,R48,NA,EPG0,Natural Gas,SWO,Underground Storage - Working Gas,NW2_EPG0_SWO_R48_BCF,Weekly Lower 48 States Natural Gas Working Underground Storage (Billion Cubic Feet),2550,BCF
2023-06-09,R48,NA,EPG0,Natural Gas,SWO,Underground Storage - Working Gas,NW2_EPG0_SWO_R48_BCF,Weekly Lower 48 States Natural Gas Working Underground Storage (Billion Cubic Feet),2634,BCF
2023-06-16,R48,NA,EPG0,Natural Gas,SWO,Underground Storage - Working Gas,NW2_EPG0_SWO_R48_BCF,Weekly Lower 48 States Natural Gas Working Underground Storage (Billion Cubic Feet),2729,BCF
2023-06-23,R48,NA,EPG0,Natural Gas,SWO,Underground Storage - Working Gas,NW2_EPG0_SWO_R48_BCF,Weekly Lower 48 States Natural Gas Working Underground Storage (Billion Cubic Feet),2805,BCF
2023-06-30,R48,NA,EPG0,Natural Gas,SWO,Underground Storage - Working Gas,NW2_EPG0_SWO_R48_BCF,Weekly Lower 48 States Natural Gas Working Underground Storage (Billion Cubic Feet),2881,BCF
2023-07-07,R48,NA,EPG0,Natural Gas,SWO,Underground Storage - Working Gas,NW2_EPG0_SWO_R48_BCF,Weekly Lower 48 States Natural Gas Working Underground Storage (Billion Cubic Feet),2930,BCF
2023-07-14,R48,NA,EPG0,Natural Gas,SWO,Underground Storage - Working Gas,NW2_EPG0_SWO_R48_BCF,Weekly Lower 48 States Natural Gas Working Underground Storage (Billion Cubic Feet),2971,BCF
2023-07-21,R48,NA,EPG0,Natural Gas,SWO,Underground Storage - Working Gas,NW2_EPG0_SWO_R48_BCF,Weekly Lower 48 States Natural Gas Working Underground Storage (Billion Cubic Feet),2987,BCF
2023-07-28,R48,NA,EPG0,Natural Gas,SWO,Underground Storage - Working Gas,NW2_EPG0_SWO_R48_BCF,Weekly Lower 48 States Natural Gas Working Underground Storage (Billion Cubic Feet),3001,BCF
2023-08-04,R48,NA,EPG0,Natural Gas,SWO,Underground Storage - Working Gas,NW2_EPG0_SWO_R48_BCF,Weekly Lower 48 States Natural Gas Working Underground Storage (Billion Cubic Feet),3030,BCF
2023-08-11,R48,NA,EPG0,Natural Gas,SWO,Underground Storage - Working Gas,NW2_EPG0_SWO_R48_BCF,Weekly Lower 48 States Natural Gas Working Underground Storage (Billion Cubic Feet),3065,BCF
2023-08-18,R48,NA,EPG0,Natural Gas,SWO,Underground Storage - Working Gas,NW2_EPG0_SWO_R48_BCF,Weekly Lower 48 States Natural Gas Working Underground Storage (Billion Cubic Feet),3083,BCF
2023-08-25,R48,NA,EPG0,Natural Gas,SWO,Underground Storage - Working Gas,NW2_EPG0_SWO_R48_BCF,Weekly Lower 48 States Natural Gas Working Underground Storage (Billion Cubic Feet),3115,BCF
2023-09-01,R48,NA,EPG0,Natural Gas,SWO,Underground Storage - Working Gas,NW2_EPG0_SWO_R48_BCF,Weekly Lower 48 States Natural Gas Working Underground Storage (Billion Cubic Feet),3148,BCF
2023-09-08,R48,NA,EPG0,Natural Gas,SWO,Underground Storage - Working Gas,NW2_EPG0_SWO_R48_BCF,Weekly Lower 48 States Natural Gas Working Underground Storage (Billion Cubic Feet),3205,BCF
2023-09-15,R48,NA,EPG0,Natural Gas,SWO,Underground Storage - Working Gas,NW2_EPG0_SWO_R48_BCF,Weekly Lower 48 States Natural Gas Working Underground Storage (Billion Cubic Feet),3269,BCF
2023-09-22,R48,NA,EPG0,Natural Gas,SWO,Underground Storage - Working Gas,NW2_EPG0_SWO_R48_BCF,Weekly Lower 48 States Natural Gas Working Underground Storage (Billion Cubic Feet),3359,BCF
2023-09-29,R48,NA,EPG0,Natural Gas,SWO,Underground Storage - Working Gas,NW2_EPG0_SWO_R48_BCF,Weekly Lower 48 States Natural Gas Working Underground Storage (Billion Cubic Feet),3445,BCF
2023-10-06,R48,NA,EPG0,Natural Gas,SWO,Underground Storage - Working Gas,NW2_EPG0_SWO_R48_BCF,Weekly Lower 48 States Natural Gas Working Underground Storage (Billion Cubic Feet),3529,BCF
2023-10-13,R48,NA,EPG0,Natural Gas,SWO,Underground Storage - Working Gas,NW2_EPG0_SWO_R48_BCF,Weekly Lower 48 States Natural Gas Working Underground Storage (Billion Cubic Feet),3626,BCF
2023-10-20,R48,NA,EPG0,Natural Gas,SWO,Underground Storage - Working Gas,NW2_EPG0_SWO_R48_BCF,Weekly Lower 48 States Natural Gas Working Underground Storage (Billion Cubic Feet),3700,BCF
2023-10-27,R48,NA,EPG0,Natural Gas,SWO,Underground Storage - Working Gas,NW2_EPG0_SWO_R48_BCF,Weekly Lower 48 States Natural Gas Working Underground Storage (Billion Cubic Feet),3779,BCF
2023-11-03,R48,NA,EPG0,Natural Gas,SWO,Underground Storage - Working Gas,NW2_EPG0_SWO_R48_BCF,Weekly Lower 48 States Natural Gas Working Underground Storage (Billion Cubic Feet),3773,BCF
2023-11-10,R48,NA,EPG0,Natural Gas,SWO,Underground Storage - Working Gas,NW2_EPG0_SWO_R48_BCF,Weekly Lower 48 States Natural Gas Working Underground Storage (Billion Cubic Feet),3833,BCF
2023-11-17,R48,NA,EPG0,Natural Gas,SWO,Underground Storage - Working Gas,NW2_EPG0_SWO_R48_BCF,Weekly Lower 48 States Natural Gas Working Underground Storage (Billion Cubic Feet),3826,BCF
2023-11-24,R48,NA,EPG0,Natural Gas,SWO,Underground Storage - Working Gas,NW2_EPG0_SWO_R48_BCF,Weekly Lower 48 States Natural Gas Working Underground Storage (Billion Cubic Feet),3836,BCF
2023-12-01,R48,NA,EPG0,Natural Gas,SWO,Underground Storage - Working Gas,NW2_EPG0_SWO_R48_BCF,Weekly Lower 48 States Natural Gas Working Underground Storage (Billion Cubic Feet),3719,BCF
2023-12-08,R48,NA,EPG0,Natural Gas,SWO,Underground Storage - Working Gas,NW2_EPG0_SWO_R48_BCF,Weekly Lower 48 States Natural Gas Working Underground Storage (Billion Cubic Feet),3664,BCF
2023-12-15,R48,NA,EPG0,Natural Gas,SWO,Underground Storage - Working Gas,NW2_EPG0_SWO_R48_BCF,Weekly Lower 48 States Natural Gas Working Underground Storage (Billion Cubic Feet),3577,BCF
2023-12-22,R48,NA,EPG0,Natural Gas,SWO,Underground Storage - Working Gas,NW2_EPG0_SWO_R48_BCF,Weekly Lower 48 States Natural Gas Working Underground Storage (Billion Cubic Feet),3490,BCF
2023-12-29,R48,NA,EPG0,Natural Gas,SWO,Underground Storage - Working Gas,NW2_EPG0_SWO_R48_BCF,Weekly Lower 48 States Natural Gas Working Underground Storage (Billion Cubic Feet),3476,BCF
2024-01-05,R48,NA,EPG0,Natural Gas,SWO,Underground Storage - Working Gas,NW2_EPG0_SWO_R48_BCF,Weekly Lower 48 States Natural Gas Working Underground Storage (Billion Cubic Feet),3336,BCF
2024-01-12,R48,NA,EPG0,Natural Gas,SWO,Underground Storage - Working Gas,NW2_EPG0_SWO_R48_BCF,Weekly Lower 48 States Natural Gas Working Underground Storage (Billion Cubic Feet),3182,BCF
2024-01-19,R48,NA,EPG0,Natural Gas,SWO,Underground Storage - Working Gas,NW2_EPG0_SWO_R48_BCF,Weekly Lower 48 States Natural Gas Working Underground Storage (Billion Cubic Feet),2856,BCF
2024-01-26,R48,NA,EPG0,Natural Gas,SWO,Underground Storage - Working Gas,NW2_EPG0_SWO_R48_BCF,Weekly Lower 48 States Natural Gas Working Underground Storage (Billion Cubic Feet),2659,BCF
2024-02-02,R48,NA,EPG0,Natural Gas,SWO,Underground Storage - Working Gas,NW2_EPG0_SWO_R48_BCF,Weekly Lower 48 States Natural Gas Working Underground Storage (Billion Cubic Feet),2584,BCF
2024-02-09,R48,NA,EPG0,Natural Gas,SWO,Underground Storage - Working Gas,NW2_EPG0_SWO_R48_BCF,Weekly Lower 48 States Natural Gas Working Underground Storage (Billion Cubic Feet),2530,BCF
2024-02-16,R48,NA,EPG0,Natural Gas,SWO,Underground Storage - Working Gas,NW2_EPG0_SWO_R48_BCF,Weekly Lower 48 States Natural Gas Working Underground Storage (Billion Cubic Feet),2470,BCF
2024-02-23,R48,NA,EPG0,Natural Gas,SWO,Underground Storage - Working Gas,NW2_EPG0_SWO_R48_BCF,Weekly Lower 48 States Natural Gas Working Underground Storage (Billion Cubic Feet),2374,BCF
2024-03-01,R48,NA,EPG0,Natural Gas,SWO,Underground Storage - Working Gas,NW2_EPG0_SWO_R48_BCF,Weekly Lower 48 States Natural Gas Working Underground Storage (Billion Cubic Feet),2334,BCF
2024-03-08,R48,NA,EPG0,Natural Gas,SWO,Underground Storage - Working Gas,NW2_EPG0_SWO_R48_BCF,Weekly Lower 48 States Natural Gas Working Underground Storage (Billion Cubic Feet),2325,BCF
2024-03-15,R48,NA,EPG0,Natural Gas,SWO,Underground Storage - Working Gas,NW2_EPG0_SWO_R48_BCF,Weekly Lower 48 States Natural Gas Working Underground Storage (Billion Cubic Feet),2332,BCF
2024-03-22,R48,NA,EPG0,Natural Gas,SWO,Underground Storage - Working Gas,NW2_EPG0_SWO_R48_BCF,Weekly Lower 48 States Natural Gas Working Underground Storage (Billion Cubic Feet),2296,BCF
2024-03-29,R48,NA,EPG0,Natural Gas,SWO,Underground Storage - Working Gas,NW2_EPG0_SWO_R48_BCF,Weekly Lower 48 States Natural Gas Working Underground Storage (Billion Cubic Feet),2259,BCF
2024-04-05,R48,NA,EPG0,Natural Gas,SWO,Underground Storage - Working Gas,NW2_EPG0_SWO_R48_BCF,Weekly Lower 48 States Natural Gas Working Underground Storage (Billion Cubic Feet),2283,BCF
2024-04-12,R48,NA,EPG0,Natural Gas,SWO,Underground Storage - Working Gas,NW2_EPG0_SWO_R48_BCF,Weekly Lower 48 States Natural Gas Working Underground Storage (Billion Cubic Feet),2333,BCF
2024-04-19,R48,NA,EPG0,Natural Gas,SWO,Underground Storage - Working Gas,NW2_EPG0_SWO_R48_BCF,Weekly Lower 48 States Natural Gas Working Underground Storage (Billion Cubic Feet),2425,BCF
2024-04-26,R48,NA,EPG0,Natural Gas,SWO,Underground Storage - Working Gas,NW2_EPG0_SWO_R48_BCF,Weekly Lower 48 States Natural Gas Working Underground Storage (Billion Cubic Feet),2484,BCF
2024-05-03,R48,NA,EPG0,Natural Gas,SWO,Underground Storage - Working Gas,NW2_EPG0_SWO_R48_BCF,Weekly Lower 48 States Natural Gas Working Underground Storage (Billion Cubic Feet),2569,BCF
2024-05-10,R48,NA,EPG0,Natural Gas,SWO,Underground Storage - Working Gas,NW2_EPG0_SWO_R48_BCF,Weekly Lower 48 States Natural Gas Working Underground Storage (Billion Cubic Feet),2640,BCF
2024-05-17,R48,NA,EPG0,Natural Gas,SWO,Underground Storage - Working Gas,NW2_EPG0_SWO_R48_BCF,Weekly Lower 48 States Natural Gas Working Underground Storage (Billion Cubic Feet),2719,BCF
2024-05-24,R48,NA,EPG0,Natural Gas,SWO,Underground Storage - Working Gas,NW2_EPG0_SWO_R48_BCF,Weekly Lower 48 States Natural Gas Working Underground Storage (Billion Cubic Feet),2804,BCF
2024-05-31,R48,NA,EPG0,Natural Gas,SWO,Underground Storage - Working Gas,NW2_EPG0_SWO_R48_BCF,Weekly Lower 48 States Natural Gas Working Underground Storage (Billion Cubic Feet),2900,BCF
2024-06-07,R48,NA,EPG0,Natural Gas,SWO,Underground Storage - Working Gas,NW2_EPG0_SWO_R48_BCF,Weekly Lower 48 States Natural Gas Working Underground Storage (Billion Cubic Feet),2974,BCF
2024-06-14,R48,NA,EPG0,Natural Gas,SWO,Underground Storage - Working Gas,NW2_EPG0_SWO_R48_BCF,Weekly Lower 48 States Natural Gas Working Underground Storage (Billion Cubic Feet),3045,BCF
2024-06-21,R48,NA,EPG0,Natural Gas,SWO,Underground Storage - Working Gas,NW2_EPG0_SWO_R48_BCF,Weekly Lower 48 States Natural Gas Working Underground Storage (Billion Cubic Feet),3102,BCF
2024-06-28,R48,NA,EPG0,Natural Gas,SWO,Underground Storage - Working Gas,NW2_EPG0_SWO_R48_BCF,Weekly Lower 48 States Natural Gas Working Underground Storage (Billion Cubic Feet),3134,BCF
2024-07-05,R48,NA,EPG0,Natural Gas,SWO,Underground Storage - Working Gas,NW2_EPG0_SWO_R48_BCF,Weekly Lower 48 States Natural Gas Working Underground Storage (Billion Cubic Feet),3199,BCF
2024-07-12,R48,NA,EPG0,Natural Gas,SWO,Underground Storage - Working Gas,NW2_EPG0_SWO_R48_BCF,Weekly Lower 48 States Natural Gas Working Underground Storage (Billion Cubic Feet),3209,BCF
2024-07-19,R48,NA,EPG0,Natural Gas,SWO,Underground Storage - Working Gas,NW2_EPG0_SWO_R48_BCF,Weekly Lower 48 States Natural Gas Working Underground Storage (Billion Cubic Feet),3231,BCF
2024-07-26,R48,NA,EPG0,Natural Gas,SWO,Underground Storage - Working Gas,NW2_EPG0_SWO_R48_BCF,Weekly Lower 48 States Natural Gas Working Underground Storage (Billion Cubic Feet),3249,BCF
2024-08-02,R48,NA,EPG0,Natural Gas,SWO,Underground Storage - Working Gas,NW2_EPG0_SWO_R48_BCF,Weekly Lower 48 States Natural Gas Working Underground Storage (Billion Cubic Feet),3270,BCF
2024-08-09,R48,NA,EPG0,Natural Gas,SWO,Underground Storage - Working Gas,NW2_EPG0_SWO_R48_BCF,Weekly Lower 48 States Natural Gas Working Underground Storage (Billion Cubic Feet),3264,BCF
2024-08-16,R48,NA,EPG0,Natural Gas,SWO,Underground Storage - Working Gas,NW2_EPG0_SWO_R48_BCF,Weekly Lower 48 States Natural Gas Working Underground Storage (Billion Cubic Feet),3299,BCF
2024-08-23,R48,NA,EPG0,Natural Gas,SWO,Underground Storage - Working Gas,NW2_EPG0_SWO_R48_BCF,Weekly Lower 48 States Natural Gas Working Underground Storage (Billion Cubic Feet),3334,BCF
2024-08-30,R48,NA,EPG0,Natural Gas,SWO,Underground Storage - Working Gas,NW2_EPG0_SWO_R48_BCF,Weekly Lower 48 States Natural Gas Working Underground Storage (Billion Cubic Feet),3347,BCF
2024-09-06,R48,NA,EPG0,Natural Gas,SWO,Underground Storage - Working Gas,NW2_EPG0_SWO_R48_BCF,Weekly Lower 48 States Natural Gas Working Underground Storage (Billion Cubic Feet),3387,BCF
2024-09-13,R48,NA,EPG0,Natural Gas,SWO,Underground Storage - Working Gas,NW2_EPG0_SWO_R48_BCF,Weekly Lower 48 States Natural Gas Working Underground Storage (Billion Cubic Feet),3445,BCF
2024-09-20,R48,NA,EPG0,Natural Gas,SWO,Underground Storage - Working Gas,NW2_EPG0_SWO_R48_BCF,Weekly Lower 48 States Natural Gas Working Underground Storage (Billion Cubic Feet),3493,BCF
2024-09-27,R48,NA,EPG0,Natural Gas,SWO,Underground Storage - Working Gas,NW2_EPG0_SWO_R48_BCF,Weekly Lower 48 States Natural Gas Working Underground Storage (Billion Cubic Feet),3548,BCF
2024-10-04,R48,NA,EPG0,Natural Gas,SWO,Underground Storage - Working Gas,NW2_EPG0_SWO_R48_BCF,Weekly Lower 48 States Natural Gas Working Underground Storage (Billion Cubic Feet),3630,BCF
2024-10-11,R48,NA,EPG0,Natural Gas,SWO,Underground Storage - Working Gas,NW2_EPG0_SWO_R48_BCF,Weekly Lower 48 States Natural Gas Working Underground Storage (Billion Cubic Feet),3706,BCF
2024-10-18,R48,NA,EPG0,Natural Gas,SWO,Underground Storage - Working Gas,NW2_EPG0_SWO_R48_BCF,Weekly Lower 48 States Natural Gas Working Underground Storage (Billion Cubic Feet),3785,BCF
2024-10-25,R48,NA,EPG0,Natural Gas,SWO,Underground Storage - Working Gas,NW2_EPG0_SWO_R48_BCF,Weekly Lower 48 States Natural Gas Working Underground Storage (Billion Cubic Feet),3864,BCF
2024-11-01,R48,NA,EPG0,Natural Gas,SWO,Underground Storage - Working Gas,NW2_EPG0_SWO_R48_BCF,Weekly Lower 48 States Natural Gas Working Underground Storage (Billion Cubic Feet),3931,BCF
2024-11-08,R48,NA,EPG0,Natural Gas,SWO,Underground Storage - Working Gas,NW2_EPG0_SWO_R48_BCF,Weekly Lower 48 States Natural Gas Working Underground Storage (Billion Cubic Feet),3972,BCF
2024-11-15,R48,NA,EPG0,Natural Gas,SWO,Underground Storage - Working Gas,NW2_EPG0_SWO_R48_BCF,Weekly Lower 48 States Natural Gas Working Underground Storage (Billion Cubic Feet),3969,BCF
2024-11-22,R48,NA,EPG0,Natural Gas,SWO,Underground Storage - Working Gas,NW2_EPG0_SWO_R48_BCF,Weekly Lower 48 States Natural Gas Working Underground Storage (Billion Cubic Feet),3967,BCF
2024-11-29,R48,NA,EPG0,Natural Gas,SWO,Underground Storage - Working Gas,NW2_EPG0_SWO_R48_BCF,Weekly Lower 48 States Natural Gas Working Underground Storage (Billion Cubic Feet),3937,BCF
2024-12-06,R48,NA,EPG0,Natural Gas,SWO,Underground Storage - Working Gas,NW2_EPG0_SWO_R48_BCF,Weekly Lower 48 States Natural Gas Working Underground Storage (Billion Cubic Feet),3747,BCF
2024-12-13,R48,NA,EPG0,Natural Gas,SWO,Underground Storage - Working Gas,NW2_EPG0_SWO_R48_BCF,Weekly Lower 48 States Natural Gas Working Underground Storage (Billion Cubic Feet),3622,BCF
2024-12-20,R48,NA,EPG0,Natural Gas,SWO,Underground Storage - Working Gas,NW2_EPG0_SWO_R48_BCF,Weekly Lower 48 States Natural Gas Working Underground Storage (Billion Cubic Feet),3529,BCF
2024-12-27,R48,NA,EPG0,Natural Gas,SWO,Underground Storage - Working Gas,NW2_EPG0_SWO_R48_BCF,Weekly Lower 48 States Natural Gas Working Underground Storage (Billion Cubic Feet),3413,BCF
2025-01-03,R48,NA,EPG0,Natural Gas,SWO,Underground Storage - Working Gas,NW2_EPG0_SWO_R48_BCF,Weekly Lower 48 States Natural Gas Working Underground Storage (Billion Cubic Feet),3373,BCF
2025-01-10,R48,NA,EPG0,Natural Gas,SWO,Underground Storage - Working Gas,NW2_EPG0_SWO_R48_BCF,Weekly Lower 48 States Natural Gas Working Underground Storage (Billion Cubic Feet),3115,BCF
2025-01-17,R48,NA,EPG0,Natural Gas,SWO,Underground Storage - Working Gas,NW2_EPG0_SWO_R48_BCF,Weekly Lower 48 States Natural Gas Working Underground Storage (Billion Cubic Feet),2892,BCF
2025-01-24,R48,NA,EPG0,Natural Gas,SWO,Underground Storage - Working Gas,NW2_EPG0_SWO_R48_BCF,Weekly Lower 48 States Natural Gas Working Underground Storage (Billion Cubic Feet),2571,BCF
2025-01-31,R48,NA,EPG0,Natural Gas,SWO,Underground Storage - Working Gas,NW2_EPG0_SWO_R48_BCF,Weekly Lower 48 States Natural Gas Working Underground Storage (Billion Cubic Feet),2397,BCF
2025-02-07,R48,NA,EPG0,Natural Gas,SWO,Underground Storage - Working Gas,NW2_EPG0_SWO_R48_BCF,Weekly Lower 48 States Natural Gas Working Underground Storage (Billion Cubic Feet),2297,BCF
2025-02-14,R48,NA,EPG0,Natural Gas,SWO,Underground Storage - Working Gas,NW2_EPG0_SWO_R48_BCF,Weekly Lower 48 States Natural Gas Working Underground Storage (Billion Cubic Feet),2101,BCF
2025-02-21,R48,NA,EPG0,Natural Gas,SWO,Underground Storage - Working Gas,NW2_EPG0_SWO_R48_BCF,Weekly Lower 48 States Natural Gas Working Underground Storage (Billion Cubic Feet),1840,BCF
2025-02-28,R48,NA,EPG0,Natural Gas,SWO,Underground Storage - Working Gas,NW2_EPG0_SWO_R48_BCF,Weekly Lower 48 States Natural Gas Working Underground Storage (Billion Cubic Feet),1760,BCF
2025-03-07,R48,NA,EPG0,Natural Gas,SWO,Underground Storage - Working Gas,NW2_EPG0_SWO_R48_BCF,Weekly Lower 48 States Natural Gas Working Underground Storage (Billion Cubic Feet),1698,BCF
2025-03-14,R48,NA,EPG0,Natural Gas,SWO,Underground Storage - Working Gas,NW2_EPG0_SWO_R48_BCF,Weekly Lower 48 States Natural Gas Working Underground Storage (Billion Cubic Feet),1707,BCF
2025-03-21,R48,NA,EPG0,Natural Gas,SWO,Underground Storage - Working Gas,NW2_EPG0_SWO_R48_BCF,Weekly Lower 48 States Natural Gas Working Underground Storage (Billion Cubic Feet),1744,BCF
2025-03-28,R48,NA,EPG0,Natural Gas,SWO,Underground Storage - Working Gas,NW2_EPG0_SWO_R48_BCF,Weekly Lower 48 States Natural Gas Working Underground Storage (Billion Cubic Feet),1773,BCF
2025-04-04,R48,NA,EPG0,Natural Gas,SWO,Underground Storage - Working Gas,NW2_EPG0_SWO_R48_BCF,Weekly Lower 48 States Natural Gas Working Underground Storage (Billion Cubic Feet),1830,BCF
2025-04-11,R48,NA,EPG0,Natural Gas,SWO,Underground Storage - Working Gas,NW2_EPG0_SWO_R48_BCF,Weekly Lower 48 States Natural Gas Working Underground Storage (Billion Cubic Feet),1846,BCF
2025-04-18,R48,NA,EPG0,Natural Gas,SWO,Underground Storage - Working Gas,NW2_EPG0_SWO_R48_BCF,Weekly Lower 48 States Natural Gas Working Underground Storage (Billion Cubic Feet),1934,BCF
2025-04-25,R48,NA,EPG0,Natural Gas,SWO,Underground Storage - Working Gas,NW2_EPG0_SWO_R48_BCF,Weekly Lower 48 States Natural Gas Working Underground Storage (Billion Cubic Feet),2041,BCF
2025-05-02,R48,NA,EPG0,Natural Gas,SWO,Underground Storage - Working Gas,NW2_EPG0_SWO_R48_BCF,Weekly Lower 48 States Natural Gas Working Underground Storage (Billion Cubic Feet),2145,BCF
2025-05-09,R48,NA,EPG0,Natural Gas,SWO,Underground Storage - Working Gas,NW2_EPG0_SWO_R48_BCF,Weekly Lower 48 States Natural Gas Working Underground Storage (Billion Cubic Feet),2255,BCF
2025-05-16,R48,NA,EPG0,Natural Gas,SWO,Underground Storage - Working Gas,NW2_EPG0_SWO_R48_BCF,Weekly Lower 48 States Natural Gas Working Underground Storage (Billion Cubic Feet),2375,BCF
2025-05-23,R48,NA,EPG0,Natural Gas,SWO,Underground Storage - Working Gas,NW2_EPG0_SWO_R48_BCF,Weekly Lower 48 States Natural Gas Working Underground Storage (Billion Cubic Feet),2476,BCF
2025-05-30,R48,NA,EPG0,Natural Gas,SWO,Underground Storage - Working Gas,NW2_EPG0_SWO_R48_BCF,Weekly Lower 48 States Natural Gas Working Underground Storage (Billion Cubic Feet),2598,BCF
2025-06-06,R48,NA,EPG0,Natural Gas,SWO,Underground Storage - Working Gas,NW2_EPG0_SWO_R48_BCF,Weekly Lower 48 States Natural Gas Working Underground Storage (Billion Cubic Feet),2707,BCF
2025-06-13,R48,NA,EPG0,Natural Gas,SWO,Underground Storage - Working Gas,NW2_EPG0_SWO_R48_BCF,Weekly Lower 48 States Natural Gas Working Underground Storage (Billion Cubic Feet),2802,BCF
2025-06-20,R48,NA,EPG0,Natural Gas,SWO,Underground Storage - Working Gas,NW2_EPG0_SWO_R48_BCF,Weekly Lower 48 States Natural Gas Working Underground Storage (Billion Cubic Feet),2898,BCF
2025-06-27,R48,NA,EPG0,Natural Gas,SWO,Underground Storage - Working Gas,NW2_EPG0_SWO_R48_BCF,Weekly Lower 48 States Natural Gas Working Underground Storage (Billion Cubic Feet),2953,BCF
2025-07-04,R48,NA,EPG0,Natural Gas,SWO,Underground Storage - Working Gas,NW2_EPG0_SWO_R48_BCF,Weekly Lower 48 States Natural Gas Working Underground Storage (Billion Cubic Feet),3006,BCF
2025-07-11,R48,NA,EPG0,Natural Gas,SWO,Underground Storage - Working Gas,NW2_EPG0_SWO_R48_BCF,Weekly Lower 48 States Natural Gas Working Underground Storage (Billion Cubic Feet),3052,BCF
2025-07-18,R48,NA,EPG0,Natural Gas,SWO,Underground Storage - Working Gas,NW2_EPG0_SWO_R48_BCF,Weekly Lower 48 States Natural Gas Working Underground Storage (Billion Cubic Feet),3075,BCF
2025-07-25,R48,NA,EPG0,Natural Gas,SWO,Underground Storage - Working Gas,NW2_EPG0_SWO_R48_BCF,Weekly Lower 48 States Natural Gas Working Underground Storage (Billion Cubic Feet),3123,BCF
2025-08-01,R48,NA,EPG0,Natural Gas,SWO,Underground Storage - Working Gas,NW2_EPG0_SWO_R48_BCF,Weekly Lower 48 States Natural Gas Working Underground Storage (Billion Cubic Feet),3130,BCF
2025-08-08,R48,NA,EPG0,Natural Gas,SWO,Underground Storage - Working Gas,NW2_EPG0_SWO_R48_BCF,Weekly Lower 48 States Natural Gas Working Underground Storage (Billion Cubic Feet),3186,BCF
2025-08-15,R48,NA,EPG0,Natural Gas,SWO,Underground Storage - Working Gas,NW2_EPG0_SWO_R48_BCF,Weekly Lower 48 States Natural Gas Working Underground Storage (Billion Cubic Feet),3199,BCF
2025-08-22,R48,NA,EPG0,Natural Gas,SWO,Underground Storage - Working Gas,NW2_EPG0_SWO_R48_BCF,Weekly Lower 48 States Natural Gas Working Underground Storage (Billion Cubic Feet),3217,BCF
2025-08-29,R48,NA,EPG0,Natural Gas,SWO,Underground Storage - Working Gas,NW2_EPG0_SWO_R48_BCF,Weekly Lower 48 States Natural Gas Working Underground Storage (Billion Cubic Feet),3262,BCF
2025-09-05,R48,NA,EPG0,Natural Gas,SWO,Underground Storage - Working Gas,NW2_EPG0_SWO_R48_BCF,Weekly Lower 48 States Natural Gas Working Underground Storage (Billion Cubic Feet),3333,BCF
2025-09-12,R48,NA,EPG0,Natural Gas,SWO,Underground Storage - Working Gas,NW2_EPG0_SWO_R48_BCF,Weekly Lower 48 States Natural Gas Working Underground Storage (Billion Cubic Feet),3423,BCF
2025-09-19,R48,NA,EPG0,Natural Gas,SWO,Underground Storage - Working Gas,NW2_EPG0_SWO_R48_BCF,Weekly Lower 48 States Natural Gas Working Underground Storage (Billion Cubic Feet),3499,BCF
2025-09-26,R48,NA,EPG0,Natural Gas,SWO,Underground Storage - Working Gas,NW2_EPG0_SWO_R48_BCF,Weekly Lower 48 States Natural Gas Working Underground Storage (Billion Cubic Feet),3551,BCF
2025-10-03,R48,NA,EPG0,Natural Gas,SWO,Underground Storage - Working Gas,NW2_EPG0_SWO_R48_BCF,Weekly Lower 48 States Natural Gas Working Underground Storage (Billion Cubic Feet),3631,BCF
2025-10-10,R48,NA,EPG0,Natural Gas,SWO,Underground Storage - Working Gas,NW2_EPG0_SWO_R48_BCF,Weekly Lower 48 States Natural Gas Working Underground Storage (Billion Cubic Feet),3712,BCF
2025-10-17,R48,NA,EPG0,Natural Gas,SWO,Underground Storage - Working Gas,NW2_EPG0_SWO_R48_BCF,Weekly Lower 48 States Natural Gas Working Underground Storage (Billion Cubic Feet),3798,BCF
2025-10-24,R48,NA,EPG0,Natural Gas,SWO,Underground Storage - Working Gas,NW2_EPG0_SWO_R48_BCF,Weekly Lower 48 States Natural Gas Working Underground Storage (Billion Cubic Feet),3872,BCF
2025-10-31,R48,NA,EPG0,Natural Gas,SWO,Underground Storage - Working Gas,NW2_EPG0_SWO_R48_BCF,Weekly Lower 48 States Natural Gas Working Underground Storage (Billion Cubic Feet),3905,BCF
2025-11-07,R48,NA,EPG0,Natural Gas,SWO,Underground Storage - Working Gas,NW2_EPG0_SWO_R48_BCF,Weekly Lower 48 States Natural Gas Working Underground Storage (Billion Cubic Feet),3950,BCF
2025-11-14,R48,NA,EPG0,Natural Gas,SWO,Underground Storage - Working Gas,NW2_EPG0_SWO_R48_BCF,Weekly Lower 48 States Natural Gas Working Underground Storage (Billion Cubic Feet),3936,BCF
2025-11-21,R48,NA,EPG0,Natural Gas,SWO,Underground Storage - Working Gas,NW2_EPG0_SWO_R48_BCF,Weekly Lower 48 States Natural Gas Working Underground Storage (Billion Cubic Feet),3924,BCF
2025-11-28,R48,NA,EPG0,Natural Gas,SWO,Underground Storage - Working Gas,NW2_EPG0_SWO_R48_BCF,Weekly Lower 48 States Natural Gas Working Underground Storage (Billion Cubic Feet),3913,BCF
2025-12-05,R48,NA,EPG0,Natural Gas,SWO,Underground Storage - Working Gas,NW2_EPG0_SWO_R48_BCF,Weekly Lower 48 States Natural Gas Working Underground Storage (Billion Cubic Feet),3735,BCF
2025-12-12,R48,NA,EPG0,Natural Gas,SWO,Underground Storage - Working Gas,NW2_EPG0_SWO_R48_BCF,Weekly Lower 48 States Natural Gas Working Underground Storage (Billion Cubic Feet),3569,BCF
2025-12-19,R48,NA,EPG0,Natural Gas,SWO,Underground Storage - Working Gas,NW2_EPG0_SWO_R48_BCF,Weekly Lower 48 States Natural Gas Working Underground Storage (Billion Cubic Feet),3401,BCF
2025-12-26,R48,NA,EPG0,Natural Gas,SWO,Underground Storage - Working Gas,NW2_EPG0_SWO_R48_BCF,Weekly Lower 48 States Natural Gas Working Underground Storage (Billion Cubic Feet),3364,BCF
2026-01-02,R48,NA,EPG0,Natural Gas,SWO,Underground Storage - Working Gas,NW2_EPG0_SWO_R48_BCF,Weekly Lower 48 States Natural Gas Working Underground Storage (Billion Cubic Feet),3244,BCF
2026-01-09,R48,NA,EPG0,Natural Gas,SWO,Underground Storage - Working Gas,NW2_EPG0_SWO_R48_BCF,Weekly Lower 48 States Natural Gas Working Underground Storage (Billion Cubic Feet),3174,BCF
2026-01-16,R48,NA,EPG0,Natural Gas,SWO,Underground Storage - Working Gas,NW2_EPG0_SWO_R48_BCF,Weekly Lower 48 States Natural Gas Working Underground Storage (Billion Cubic Feet),3054,BCF
2026-01-23,R48,NA,EPG0,Natural Gas,SWO,Underground Storage - Working Gas,NW2_EPG0_SWO_R48_BCF,Weekly Lower 48 States Natural Gas Working Underground Storage (Billion Cubic Feet),2813,BCF
2026-01-30,R48,NA,EPG0,Natural Gas,SWO,Underground Storage - Working Gas,NW2_EPG0_SWO_R48_BCF,Weekly Lower 48 States Natural Gas Working Underground Storage (Billion Cubic Feet),2454,BCF
2026-02-06,R48,NA,EPG0,Natural Gas,SWO,Underground Storage - Working Gas,NW2_EPG0_SWO_R48_BCF,Weekly Lower 48 States Natural Gas Working Underground Storage (Billion Cubic Feet),2202,BCF
2026-02-13,R48,NA,EPG0,Natural Gas,SWO,Underground Storage - Working Gas,NW2_EPG0_SWO_R48_BCF,Weekly Lower 48 States Natural Gas Working Underground Storage (Billion Cubic Feet),2059,BCF
2026-02-20,R48,NA,EPG0,Natural Gas,SWO,Underground Storage - Working Gas,NW2_EPG0_SWO_R48_BCF,Weekly Lower 48 States Natural Gas Working Underground Storage (Billion Cubic Feet),2007,BCF
2026-02-27,R48,NA,EPG0,Natural Gas,SWO,Underground Storage - Working Gas,NW2_EPG0_SWO_R48_BCF,Weekly Lower 48 States Natural Gas Working Underground Storage (Billion Cubic Feet),1876,BCF
2026-03-06,R48,NA,EPG0,Natural Gas,SWO,Underground Storage - Working Gas,NW2_EPG0_SWO_R48_BCF,Weekly Lower 48 States Natural Gas Working Underground Storage (Billion Cubic Feet),1838,BCF
2026-03-13,R48,NA,EPG0,Natural Gas,SWO,Underground Storage - Working Gas,NW2_EPG0_SWO_R48_BCF,Weekly Lower 48 States Natural Gas Working Underground Storage (Billion Cubic Feet),1872,BCF
2026-03-20,R48,NA,EPG0,Natural Gas,SWO,Underground Storage - Working Gas,NW2_EPG0_SWO_R48_BCF,Weekly Lower 48 States Natural Gas Working Underground Storage (Billion Cubic Feet),1818,BCF
2026-03-27,R48,NA,EPG0,Natural Gas,SWO,Underground Storage - Working Gas,NW2_EPG0_SWO_R48_BCF,Weekly Lower 48 States Natural Gas Working Underground Storage (Billion Cubic Feet),1851,BCF
2026-04-03,R48,NA,EPG0,Natural Gas,SWO,Underground Storage - Working Gas,NW2_EPG0_SWO_R48_BCF,Weekly Lower 48 States Natural Gas Working Underground Storage (Billion Cubic Feet),1900,BCF
2026-04-10,R48,NA,EPG0,Natural Gas,SWO,Underground Storage - Working Gas,NW2_EPG0_SWO_R48_BCF,Weekly Lower 48 States Natural Gas Working Underground Storage (Billion Cubic Feet),1960,BCF
2026-04-17,R48,NA,EPG0,Natural Gas,SWO,Underground Storage - Working Gas,NW2_EPG0_SWO_R48_BCF,Weekly Lower 48 States Natural Gas Working Underground Storage (Billion Cubic Feet),2063,BCF
2026-04-24,R48,NA,EPG0,Natural Gas,SWO,Underground Storage - Working Gas,NW2_EPG0_SWO_R48_BCF,Weekly Lower 48 States Natural Gas Working Underground Storage (Billion Cubic Feet),2142,BCF
2026-05-01,R48,NA,EPG0,Natural Gas,SWO,Underground Storage - Working Gas,NW2_EPG0_SWO_R48_BCF,Weekly Lower 48 States Natural Gas Working Underground Storage (Billion Cubic Feet),2205,BCF
2026-05-08,R48,NA,EPG0,Natural Gas,SWO,Underground Storage - Working Gas,NW2_EPG0_SWO_R48_BCF,Weekly Lower 48 States Natural Gas Working Underground Storage (Billion Cubic Feet),2290,BCF
2026-05-15,R48,NA,EPG0,Natural Gas,SWO,Underground Storage - Working Gas,NW2_EPG0_SWO_R48_BCF,Weekly Lower 48 States Natural Gas Working Underground Storage (Billion Cubic Feet),2391,BCF
2026-05-22,R48,NA,EPG0,Natural Gas,SWO,Underground Storage - Working Gas,NW2_EPG0_SWO_R48_BCF,Weekly Lower 48 States Natural Gas Working Underground Storage (Billion Cubic Feet),2483,BCF
2026-05-29,R48,NA,EPG0,Natural Gas,SWO,Underground Storage - Working Gas,NW2_EPG0_SWO_R48_BCF,Weekly Lower 48 States Natural Gas Working Underground Storage (Billion Cubic Feet),2578,BCF
2026-06-05,R48,NA,EPG0,Natural Gas,SWO,Underground Storage - Working Gas,NW2_EPG0_SWO_R48_BCF,Weekly Lower 48 States Natural Gas Working Underground Storage (Billion Cubic Feet),2686,BCF
2026-06-12,R48,NA,EPG0,Natural Gas,SWO,Underground Storage - Working Gas,NW2_EPG0_SWO_R48_BCF,Weekly Lower 48 States Natural Gas Working Underground Storage (Billion Cubic Feet),2759,BCF
2026-06-19,R48,NA,EPG0,Natural Gas,SWO,Underground Storage - Working Gas,NW2_EPG0_SWO_R48_BCF,Weekly Lower 48 States Natural Gas Working Underground Storage (Billion Cubic Feet),2835,BCF
2026-06-26,R48,NA,EPG0,Natural Gas,SWO,Underground Storage - Working Gas,NW2_EPG0_SWO_R48_BCF,Weekly Lower 48 States Natural Gas Working Underground Storage (Billion Cubic Feet),2922,BCF
